age,ast,awards,blk,drb,efg_pct,fg,fg2,fg2_pct,fg2a,fg3,fg3_pct,fg3a,fg_pct,fga,ft,ft_pct,fta,games,games_started,mp,name_display,orb,pf,pos,pts,stl,team_name_abbr,tov,trb
24,686,"MVP-3,CPOY-6,AS,NBA1",38,588,.573,804,520,.573,908,284,.382,744,.487,1652,478,.786,608,70,70,2624,Luka DonÄiÄ,59,149,PG,2370,99,DAL,282,647
25,465,"MVP-2,DPOY-7,CPOY-3,AS,NBA1",67,350,.567,796,701,.576,1218,95,.353,269,.535,1487,567,.874,649,75,75,2553,Shai Gilgeous-Alexander,65,184,PG,2254,150,OKC,162,415
29,476,"MVP-4,DPOY-9,CPOY-12,AS,NBA1",79,645,.624,837,803,.645,1245,34,.274,124,.611,1369,514,.657,782,73,73,2567,Giannis Antetokounmpo,196,210,PF,2222,87,MIL,250,841
27,519,"MVP-5,CPOY-5,AS,NBA2",13,235,.543,790,579,.516,1122,211,.401,526,.479,1648,421,.847,497,77,77,2726,Jalen Brunson,43,144,PG,2212,70,NYK,186,278
28,708,"MVP-1,CPOY-4,AS,NBA1",68,753,.612,822,739,.626,1180,83,.359,231,.583,1411,358,.817,438,79,79,2737,Nikola JokiÄ,223,194,C,2085,108,DEN,237,976
22,405,"MVP-7,CPOY-8,AS,NBA2",42,378,.522,718,528,.515,1026,190,.357,532,.461,1558,423,.836,506,79,78,2770,Anthony Edwards,52,141,SG,2049,101,MIN,241,430
35,378,"MVP-9,AS,NBA2",91,454,.581,751,583,.567,1029,168,.413,407,.523,1436,362,.856,423,75,75,2791,Kevin Durant,41,133,PF,2032,69,PHO,244,495
25,364,"MVP-6,CPOY-9,AS,NBA1",43,534,.552,672,443,.542,817,229,.376,609,.471,1426,414,.833,497,74,74,2645,Jayson Tatum,67,145,PF,1987,75,BOS,188,601
26,418,CPOY-12,31,273,.534,720,506,.522,969,214,.369,580,.465,1549,312,.738,423,74,74,2659,De'Aaron Fox,67,193,PG,1966,150,SAC,194,340
35,379,"CPOY-1,AS,NBA3",28,293,.573,650,293,.515,569,357,.408,876,.450,1445,299,.923,324,74,74,2421,Stephen Curry,37,117,PG,1956,54,GSW,210,330
34,421,CPOY-2,45,297,.507,650,575,.509,1130,75,.333,225,.480,1355,522,.853,612,79,79,2989,DeMar DeRozan,43,161,SF,1897,90,CHI,135,340
30,266,"DPOY-4,AS,NBA2",178,722,.567,713,684,.582,1176,29,.271,107,.556,1283,421,.816,516,76,76,2700,Anthony Davis,239,177,C,1876,91,LAL,159,961
27,472,"AS,NBA3",28,252,.550,642,490,.552,887,152,.364,418,.492,1305,405,.886,457,68,68,2447,Devin Booker,56,206,PG,1841,61,PHO,178,308
39,589,"CPOY-10,AS,NBA3",38,457,.599,685,536,.592,906,149,.410,363,.540,1269,303,.750,404,71,71,2504,LeBron James,61,78,PF,1822,89,LAL,245,518
23,433,"MIP-1,AS",33,222,.524,638,426,.501,850,212,.373,569,.450,1419,328,.868,378,70,70,2626,Tyrese Maxey,36,151,PG,1816,69,PHI,116,258
21,431,AS,47,472,.497,640,521,.493,1056,119,.339,351,.455,1407,405,.725,559,80,80,2799,Paolo Banchero,82,153,PF,1804,71,ORL,247,554
33,508,"CPOY-11,AS",18,284,.510,541,321,.490,655,220,.354,622,.424,1277,473,.920,514,73,73,2579,Damian Lillard,36,134,PG,1775,72,MIL,193,320
27,502,,24,354,.528,672,471,.518,909,201,.363,554,.459,1463,208,.794,262,78,78,2783,Dejounte Murray,62,138,SG,1753,111,ATL,201,416
29,342,,25,426,.569,681,596,.581,1025,85,.346,246,.536,1271,290,.732,396,80,80,2657,Pascal Siakam,139,193,PF,1737,63,2TM,141,565
33,262,AS,37,351,.569,582,339,.523,648,243,.413,588,.471,1236,264,.907,291,74,74,2502,Paul George,37,202,PF,1671,113,LAC,153,388
32,244,"AS,NBA2",59,332,.585,610,470,.569,826,140,.417,336,.525,1162,253,.885,286,68,68,2330,Kawhi Leonard,84,97,SF,1613,111,LAC,119,416
27,249,AS,37,303,.557,627,482,.570,846,145,.354,410,.499,1256,211,.703,300,70,70,2343,Jaylen Brown,84,185,SF,1610,83,BOS,166,387
21,291,,28,382,.498,563,362,.498,727,201,.332,605,.423,1332,283,.804,352,82,82,2601,Jalen Green,41,115,SG,1610,66,HOU,191,423
27,299,,30,304,.521,564,344,.490,702,220,.372,592,.436,1294,258,.814,317,82,82,2854,Mikal Bridges,68,116,SF,1606,81,BRK,164,372
23,352,,47,284,.573,624,618,.574,1076,6,.333,18,.570,1094,347,.702,494,70,70,2207,Zion Williamson,122,159,PF,1601,77,NOP,193,406
27,673,"MVP-8,DPOY-10,NBA3",48,826,.609,634,601,.613,981,33,.379,87,.594,1068,292,.704,415,82,82,2928,Domantas Sabonis,294,250,C,1593,74,SAC,272,1120
28,296,,49,402,.521,608,457,.530,863,151,.336,450,.463,1313,186,.775,240,70,70,2281,Kyle Kuzma,62,153,PF,1553,37,WAS,192,464
20,274,"ROY-1,DPOY-2",254,594,.519,551,423,.534,792,128,.325,394,.465,1186,292,.796,367,71,71,2106,Victor Wembanyama,161,153,C,1522,88,SAS,260,755
23,405,,18,314,.534,541,332,.508,653,209,.376,556,.447,1209,218,.838,260,79,78,2881,Coby White,44,186,PG,1509,53,CHI,166,358
31,299,CPOY-7,28,246,.573,562,389,.548,710,173,.411,421,.497,1131,190,.905,210,58,58,2030,Kyrie Irving,44,112,SG,1487,74,DAL,106,290
24,154,,106,280,.494,516,399,.501,796,117,.320,366,.444,1162,337,.808,417,66,66,2124,Jaren Jackson Jr.,85,235,C,1486,80,MEM,160,365
22,192,,16,186,.503,526,382,.481,794,144,.364,396,.442,1190,286,.856,334,66,51,2075,Cam Thomas,28,138,SG,1482,45,BRK,124,214
27,333,AS,30,234,.545,503,321,.539,595,182,.368,494,.462,1089,275,.865,318,55,55,1942,Donovan Mitchell,46,118,SG,1463,101,CLE,154,280
25,383,,18,134,.549,506,378,.530,713,128,.394,325,.487,1038,318,.859,370,78,51,2075,Collin Sexton,71,154,SG,1458,62,UTA,165,205
25,231,,33,434,.527,559,402,.529,760,157,.349,450,.462,1210,174,.825,211,69,67,2581,Miles Bridges,71,118,SF,1449,65,CHO,138,505
22,269,,28,309,.525,528,434,.570,762,94,.281,334,.482,1096,271,.850,319,72,72,2337,Franz Wagner,72,168,SF,1421,76,ORL,137,381
22,464,,22,235,.500,524,405,.487,832,119,.355,335,.449,1167,238,.869,274,62,62,2074,Cade Cunningham,33,153,PG,1405,56,DET,212,268
23,752,"AS,NBA3",48,236,.570,500,305,.595,513,195,.364,535,.477,1048,194,.855,227,69,68,2224,Tyrese Haliburton,35,75,PG,1389,83,IND,159,271
25,583,AS,11,126,.516,433,258,.479,539,175,.373,469,.430,1008,348,.855,407,54,54,1942,Trae Young,23,109,PG,1389,72,ATL,235,149
33,176,,35,219,.551,490,222,.503,441,268,.387,692,.432,1133,127,.927,137,77,63,2284,Klay Thompson,35,127,SF,1375,50,GSW,117,254
33,254,,60,591,.522,586,494,.550,898,92,.294,313,.484,1211,106,.822,129,76,74,2610,Nikola VuÄeviÄ,210,190,C,1370,50,CHI,120,801
27,482,,36,208,.560,492,266,.497,535,226,.415,545,.456,1080,159,.828,192,76,69,2484,D'Angelo Russell,28,156,PG,1369,69,LAL,156,236
26,278,"DPOY-3,AS",66,578,.529,530,515,.528,975,15,.357,42,.521,1017,292,.755,387,71,71,2416,Bam Adebayo,159,159,C,1367,81,MIA,162,737
21,200,ROY-2,190,519,.598,505,376,.623,604,129,.370,349,.530,953,218,.793,275,82,82,2413,Chet Holmgren,129,197,C,1357,53,OKC,131,648
24,343,,25,180,.491,490,306,.492,622,184,.326,564,.413,1186,192,.877,219,78,66,2346,Jordan Poole,32,244,SG,1356,86,WAS,188,212
25,122,,53,459,.586,522,302,.575,525,220,.397,554,.484,1079,92,.836,110,81,81,2565,Michael Porter Jr.,106,148,SF,1356,42,DEN,92,565
22,322,CPOY-12,45,245,.592,536,433,.576,752,103,.427,241,.540,993,180,.814,221,71,71,2223,Jalen Williams,37,175,PF,1355,80,OKC,123,282
28,189,AS,41,421,.575,479,343,.550,624,136,.416,327,.504,951,255,.873,292,62,62,2026,Karl-Anthony Towns,94,204,PF,1349,43,MIN,177,515
31,247,6MOY-5,26,219,.537,471,231,.503,459,240,.374,641,.428,1100,151,.921,164,79,33,2401,Bogdan BogdanoviÄ,53,179,SG,1333,96,ATL,112,272
26,363,,40,281,.534,500,414,.534,775,86,.355,242,.492,1017,246,.801,307,64,64,2103,Brandon Ingram,43,145,SF,1332,50,NOP,163,324
21,312,,46,406,.553,527,494,.567,871,33,.297,111,.537,982,244,.693,352,63,63,2046,Alperen Sengun,183,211,C,1331,76,HOU,162,589
23,277,,23,234,.550,498,332,.544,610,166,.372,446,.472,1056,161,.801,201,68,62,2248,Devin Vassell,27,74,SG,1323,73,SAS,108,261
32,305,,41,247,.572,484,245,.492,498,239,.429,557,.459,1055,115,.827,139,66,66,2159,CJ McCollum,39,126,PG,1322,62,NOP,110,286
27,100,,144,420,.587,476,360,.615,585,116,.358,324,.524,909,245,.773,317,77,77,2076,Myles Turner,113,232,C,1313,39,IND,109,533
25,450,,25,295,.568,457,303,.583,520,154,.367,420,.486,940,232,.853,272,82,57,2629,Austin Reaves,57,153,SG,1300,66,LAL,174,352
21,175,ROY-3,42,255,.524,476,292,.495,590,184,.373,493,.440,1083,143,.827,173,74,68,2383,Brandon Miller,60,184,SF,1279,66,CHO,132,315
26,110,,26,327,.578,427,252,.559,451,175,.399,439,.480,890,249,.899,277,55,55,1820,Lauri Markkanen,122,100,PF,1278,50,UTA,77,449
25,210,DPOY-10,81,568,.634,519,519,.638,813,0,.000,6,.634,819,233,.742,314,77,77,2442,Jarrett Allen,243,147,C,1271,53,CLE,121,811
29,589,,59,245,.527,423,196,.454,432,227,.387,586,.416,1018,197,.860,229,73,73,2684,Fred VanVleet,33,183,PG,1270,101,HOU,126,278
27,216,,36,234,.584,445,162,.542,299,283,.401,705,.443,1004,86,.754,114,81,63,2360,Donte DiVincenzo,63,166,SG,1259,107,NYK,113,297
26,384,,39,200,.554,474,329,.510,645,145,.425,341,.481,986,157,.853,184,59,59,1861,Jamal Murray,42,104,PG,1250,57,DEN,125,242
34,298,,17,213,.537,396,336,.519,648,60,.414,145,.499,793,394,.858,459,60,60,2042,Jimmy Butler,105,68,PF,1246,79,MIA,102,318
29,342,,21,212,.518,442,293,.498,588,149,.363,410,.443,998,172,.869,198,61,60,2040,Terry Rozier,35,101,SG,1205,63,2TM,106,247
31,217,,46,373,.535,463,372,.537,693,91,.353,258,.487,951,187,.878,213,70,70,2368,Tobias Harris,80,115,PF,1204,70,PHI,93,453
34,614,,57,335,.541,352,166,.497,334,186,.381,488,.428,822,302,.878,344,72,72,2470,James Harden,34,127,PG,1192,77,LAC,185,369
22,363,AS,88,353,.528,447,346,.536,646,101,.341,296,.475,942,196,.781,251,60,60,2094,Scottie Barnes,141,118,SG,1191,75,TOR,165,494
21,163,,36,263,.560,456,403,.578,697,53,.321,165,.529,862,223,.746,299,74,46,1949,Jonathan Kuminga,92,169,PF,1188,55,GSW,122,355
21,296,,41,178,.492,417,293,.485,604,124,.336,369,.429,973,227,.749,303,77,61,2217,Jaden Ivey,86,204,SG,1185,57,DET,190,264
23,129,,59,314,.548,443,260,.560,464,183,.358,511,.454,975,103,.831,124,77,77,2588,Keegan Murray,106,205,SF,1172,79,SAC,64,420
23,193,,22,262,.547,436,346,.549,630,90,.360,250,.495,880,208,.715,291,58,58,1838,RJ Barrett,53,129,SG,1170,31,2TM,126,315
24,331,,10,242,.530,388,217,.471,461,171,.395,433,.434,894,209,.853,245,68,38,1985,Immanuel Quickley,17,119,SG,1156,50,2TM,101,259
28,115,,111,312,.589,388,278,.606,459,110,.375,293,.516,752,259,.858,302,57,57,1690,Kristaps PorziÅÄ£is,97,156,C,1145,42,BOS,89,409
31,139,6MOY-9,6,232,.510,392,181,.478,379,211,.353,597,.402,976,144,.852,169,79,12,2120,Tim Hardaway Jr.,22,106,SF,1139,42,DAL,69,254
29,152,,34,154,.516,383,272,.474,574,111,.402,276,.451,850,255,.817,312,54,54,1830,Jerami Grant,37,117,PF,1132,45,POR,116,191
28,104,6MOY-3,34,465,.562,466,366,.545,672,100,.407,246,.508,918,98,.790,124,82,4,2008,Bobby Portis,142,189,PF,1130,68,MIL,91,607
30,488,,17,203,.509,403,265,.474,559,138,.375,368,.435,927,178,.836,213,80,58,2486,Dennis SchrÃ¶der,39,164,PG,1122,63,2TM,153,242
25,370,"CPOY-12,6MOY-2",39,184,.526,396,248,.528,470,148,.350,423,.443,893,170,.829,205,72,0,1872,Malik Monk,28,156,SG,1110,45,SAC,150,212
29,377,DPOY-8,87,259,.578,387,191,.555,344,196,.396,495,.461,839,137,.901,152,73,73,2381,Derrick White,51,152,SG,1107,74,BOS,112,310
23,286,,36,456,.560,406,318,.560,568,88,.374,235,.506,803,202,.740,273,75,75,2257,Deni Avdija,84,185,SF,1102,60,WAS,160,540
29,229,AS,12,324,.518,395,319,.539,592,76,.311,244,.472,836,236,.781,302,46,46,1630,Julius Randle,99,125,PF,1102,25,NYK,159,423
24,106,6MOY-1,73,350,.576,406,237,.535,443,169,.414,408,.477,851,109,.736,148,81,14,1964,Naz Reid,73,172,C,1090,63,MIN,111,423
24,195,,20,282,.527,391,264,.533,495,127,.346,367,.454,862,175,.792,221,69,27,2038,Keldon Johnson,95,149,SF,1084,51,SAS,100,377
24,156,,16,195,.602,386,202,.643,314,184,.383,480,.486,794,114,.726,157,80,22,2067,Corey Kispert,30,141,SF,1070,41,WAS,98,225
31,102,DPOY-1,162,697,.661,406,406,.664,611,0,.000,3,.661,614,249,.638,390,76,76,2593,Rudy Gobert,285,238,C,1061,52,MIN,118,982
30,82,6MOY-4,22,179,.594,373,206,.536,384,167,.435,384,.486,768,143,.831,172,76,3,1990,Norman Powell,16,137,SG,1056,43,LAC,66,195
28,101,,47,247,.498,387,286,.517,553,101,.311,325,.441,878,174,.750,232,68,52,2055,Kelly Oubre Jr.,94,194,SF,1049,77,PHI,87,341
20,121,,61,477,.537,378,240,.530,453,138,.363,380,.454,833,150,.811,185,76,76,2424,Jabari Smith Jr.,139,200,PF,1044,52,HOU,89,616
24,255,,5,145,.523,360,204,.472,432,156,.385,405,.430,837,163,.916,178,46,46,1582,Anfernee Simons,22,98,SG,1039,23,POR,126,167
24,373,,7,122,.524,375,243,.501,485,132,.371,356,.446,841,146,.834,175,57,57,1901,Darius Garland,30,95,PG,1028,74,CLE,176,152
26,77,,61,418,.590,397,311,.605,514,86,.371,232,.532,746,147,.795,185,68,66,1901,John Collins,157,191,PF,1027,40,UTA,98,575
28,227,,45,247,.649,340,135,.570,237,205,.461,445,.499,682,129,.878,147,75,74,2513,Grayson Allen,48,157,SG,1014,69,PHO,95,295
28,259,,45,297,.584,398,358,.619,578,40,.290,138,.556,716,177,.658,269,73,73,2297,Aaron Gordon,174,142,PF,1013,56,DEN,105,471
31,236,,42,208,.565,371,152,.539,282,219,.386,568,.436,850,52,.881,59,84,42,2160,Buddy Hield,61,169,SF,1013,70,2TM,103,269
31,173,,68,535,.585,402,365,.609,599,37,.308,120,.559,719,161,.785,205,82,82,1925,Jonas ValanÄiÅ«nas,186,218,C,1002,32,NOP,111,721
31,99,,12,182,.576,347,198,.571,347,149,.387,385,.474,732,157,.801,196,82,82,2381,Harrison Barnes,67,98,PF,1000,54,SAC,58,249
25,230,,22,149,.552,360,223,.536,416,137,.381,360,.464,776,140,.870,161,42,42,1443,Desmond Bane,36,120,SG,997,43,MEM,112,185
35,127,,189,292,.583,366,218,.621,351,148,.366,404,.485,755,110,.821,134,79,79,2411,Brook Lopez,117,191,C,990,43,MIL,79,409
21,386,,44,403,.523,402,320,.530,604,82,.337,243,.475,847,100,.806,124,80,80,2011,Josh Giddey,111,111,SG,986,51,OKC,168,514
20,332,,7,196,.482,319,172,.459,375,147,.334,440,.391,815,189,.848,223,75,44,2023,Keyonte George,15,91,PG,974,36,UTA,188,211
25,119,,10,163,.531,361,183,.464,394,178,.393,453,.426,847,74,.771,96,71,41,1994,Gary Trent Jr.,25,96,SG,974,77,TOR,47,188
30,265,,27,178,.582,377,276,.552,500,101,.430,235,.513,735,109,.813,134,53,53,1767,Bradley Beal,54,127,SG,964,52,PHO,131,232
29,346,,34,241,.487,345,237,.486,488,108,.325,332,.421,820,154,.766,201,68,10,1958,Caris LeVert,39,121,SG,952,76,CLE,117,280
22,205,DPOY-10,47,181,.578,336,183,.556,329,153,.397,385,.471,714,118,.756,156,75,75,2025,Jalen Suggs,48,205,SG,943,106,ORL,132,229
31,277,,6,139,.469,337,246,.485,507,91,.294,309,.413,816,177,.881,201,55,19,1682,Jordan Clarkson,49,81,SG,942,35,UTA,146,188
28,119,,41,213,.511,353,262,.498,526,91,.358,254,.453,780,142,.751,189,71,59,1920,Andrew Wiggins,108,147,SF,939,42,GSW,87,321
25,141,,59,326,.518,354,222,.558,398,132,.320,413,.436,811,99,.683,145,73,45,2221,P.J. Washington,85,169,PF,939,72,2TM,96,411
23,236,,37,247,.496,332,239,.490,488,93,.338,275,.435,763,180,.826,218,81,0,1817,Cole Anthony,64,175,PG,937,64,ORL,126,311
24,242,,36,162,.583,360,241,.568,424,119,.403,295,.501,719,85,.810,105,76,37,2212,Ayo Dosunmu,54,166,SG,924,68,CHI,103,216
25,81,,25,236,.609,363,265,.597,444,98,.422,232,.537,676,99,.739,134,68,39,1826,Rui Hachimura,58,101,PF,923,41,LAL,46,294
25,90,,42,433,.571,427,426,.576,739,1,.100,10,.570,749,65,.823,79,55,55,1784,Deandre Ayton,176,109,C,920,56,POR,99,609
28,119,,10,193,.515,329,196,.492,398,133,.359,370,.428,768,124,.844,147,72,72,2227,Dillon Brooks,53,241,SF,915,64,HOU,88,246
22,203,,47,414,.562,359,288,.574,502,71,.355,200,.511,702,107,.728,147,56,52,1889,Jalen Johnson,74,133,SF,896,67,ATL,101,488
26,87,,16,191,.547,304,187,.521,359,117,.385,304,.459,663,166,.847,196,57,37,1681,De'Andre Hunter,31,146,SF,891,40,ATL,83,222
27,108,,9,249,.598,320,96,.533,180,224,.413,542,.443,722,25,.714,35,79,77,2337,Malik Beasley,41,158,SG,889,59,MIL,54,290
22,195,"ROY-4,6MOY-9",20,203,.536,341,276,.558,495,65,.322,202,.489,697,142,.811,175,75,20,2113,Jaime Jaquez Jr.,82,167,SF,889,77,MIA,110,285
24,108,,49,212,.606,315,175,.581,301,140,.419,334,.496,635,107,.781,137,72,47,1995,Aaron Nesmith,63,241,SF,877,65,IND,64,275
24,188,,3,203,.531,324,192,.478,402,132,.396,333,.441,735,95,.856,111,42,40,1407,Tyler Herro,19,63,SG,875,30,MIA,93,222
29,192,,16,158,.589,304,117,.579,202,187,.395,473,.450,675,80,.889,90,68,36,1905,Duncan Robinson,15,163,SF,875,46,MIA,95,173
36,449,,17,181,.595,294,115,.481,239,179,.442,405,.457,644,102,.911,112,76,76,2193,Mike Conley,37,128,PG,869,88,MIN,102,218
19,336,,13,141,.440,307,220,.416,529,87,.325,268,.385,797,167,.819,204,62,32,1765,Scoot Henderson,53,195,PG,868,48,POR,212,194
26,96,,21,230,.636,332,294,.673,437,38,.330,115,.601,552,166,.814,204,80,1,1415,Moritz Wagner,117,160,C,868,39,ORL,97,347
34,97,6MOY-9,5,130,.551,309,176,.507,347,133,.398,334,.454,681,117,.785,149,57,27,1478,Bojan BogdanoviÄ,22,95,PF,868,30,2TM,101,152
24,92,,11,244,.497,290,177,.522,339,113,.316,358,.416,697,170,.837,203,63,51,2062,Saddiq Bey,167,88,SF,863,51,ATL,54,411
20,249,,40,339,.483,340,270,.492,549,70,.308,227,.438,776,111,.771,144,74,73,2193,Jeremy Sochan,137,168,PF,861,62,SAS,140,476
24,113,,47,210,.557,288,132,.506,261,156,.394,396,.438,657,128,.826,155,79,79,2246,Luguentz Dort,74,228,SF,860,72,OKC,74,284
33,333,DPOY-6,53,289,.581,331,193,.526,367,138,.429,322,.480,689,60,.833,72,69,69,2263,Jrue Holiday,84,108,PG,860,61,BOS,124,373
21,119,,14,174,.507,296,216,.481,449,80,.374,214,.446,663,184,.821,224,59,19,1538,Bennedict Mathurin,60,117,SF,856,35,IND,97,234
27,283,,29,272,.533,304,136,.546,249,168,.351,479,.418,728,77,.794,97,70,70,2239,Max Strus,66,170,SF,853,64,CLE,112,338
25,128,,43,235,.661,332,230,.706,326,102,.403,253,.573,579,77,.770,100,82,28,1730,Obi Toppin,85,143,PF,843,47,IND,69,320
23,124,,28,238,.579,275,106,.602,176,169,.380,445,.443,621,123,.815,151,57,23,1690,Trey Murphy III,42,70,SF,842,51,NOP,34,280
24,147,,146,513,.630,366,365,.633,577,1,.200,5,.629,582,108,.551,196,71,71,2116,Nic Claxton,193,175,C,841,46,BRK,93,706
20,147,,47,517,.619,349,349,.623,560,0,.000,4,.619,564,143,.790,181,61,60,1777,Jalen Duren,192,192,C,841,33,DET,129,709
25,199,DPOY-5,62,198,.595,293,179,.568,315,114,.418,273,.498,588,137,.867,158,76,76,2321,Herbert Jones,74,224,SF,837,105,NOP,93,272
29,91,,106,441,.571,353,353,.572,617,0,.000,1,.571,618,130,.631,206,73,73,1883,Clint Capela,335,164,C,836,43,ATL,74,776
33,308,,13,122,.499,326,224,.475,472,102,.359,284,.431,756,79,.806,98,82,23,1817,Reggie Jackson,33,149,PG,833,44,DEN,106,155
29,301,,80,613,.528,320,298,.555,537,22,.244,90,.510,627,167,.640,261,76,76,2078,Jusuf NurkiÄ,224,254,C,829,81,PHO,175,837
32,292,,15,217,.566,317,223,.563,396,94,.381,247,.493,643,100,.833,120,55,55,1487,Khris Middleton,40,141,SF,828,51,MIL,127,257
25,115,,153,367,.725,348,348,.725,480,0,,0,.725,480,118,.674,175,74,66,1815,Daniel Gafford,195,227,PF,814,65,2TM,74,562
30,356,,22,175,.489,251,127,.467,272,124,.337,368,.392,640,169,.805,210,76,52,2152,Spencer Dinwiddie,30,138,PG,795,51,2TM,91,205
26,93,,83,430,.649,337,337,.649,519,0,,0,.649,519,120,.723,166,68,68,1794,Ivica Zubac,196,180,C,794,22,LAC,79,626
27,485,,18,159,.569,326,220,.537,410,106,.414,256,.489,666,32,.800,40,66,66,1933,Tyus Jones,20,48,PG,790,71,WAS,66,179
26,281,,6,195,.583,297,150,.593,253,147,.385,382,.468,635,46,.821,56,82,5,1825,Payton Pritchard,70,106,PG,787,39,BOS,61,265
22,160,,72,357,.600,320,298,.604,493,22,.373,59,.580,552,123,.719,171,50,50,1532,Evan Mobley,111,134,PF,785,45,CLE,90,468
25,174,,39,232,.560,276,150,.558,269,126,.375,336,.456,605,106,.757,140,76,43,2130,Grant Williams,86,226,PF,784,44,2TM,109,318
26,194,,52,252,.531,298,240,.552,435,58,.320,181,.484,616,122,.753,162,69,29,1526,Zach Collins,118,206,C,776,34,SAS,132,370
27,138,,15,196,.557,276,138,.519,266,138,.391,353,.446,619,86,.789,109,58,47,1599,Cameron Johnson,55,105,PF,776,49,BRK,57,251
24,478,,9,231,.558,303,239,.584,409,64,.335,191,.505,600,101,.856,118,77,48,2138,Tre Jones,58,92,PG,771,78,SAS,116,289
30,98,,18,256,.567,284,135,.572,236,149,.376,396,.449,632,51,.850,60,82,10,1831,Georges Niang,22,192,PF,768,30,CLE,72,278
30,183,,42,152,.566,270,145,.520,279,125,.406,308,.460,587,101,.894,113,76,76,2402,Kentavious Caldwell-Pope,31,151,SG,766,98,DEN,75,183
32,347,,30,303,.616,276,216,.632,342,60,.387,155,.555,497,150,.833,180,78,27,1759,Kelly Olynyk,108,230,C,762,74,2TM,152,411
28,331,,23,547,.493,295,215,.511,421,80,.310,258,.434,679,91,.791,115,81,42,2707,Josh Hart,128,171,SF,761,75,NYK,118,675
23,101,,42,168,.557,307,221,.592,373,86,.337,255,.489,628,57,.722,79,72,71,2105,Jaden McDaniels,56,219,SF,757,63,MIN,87,224
35,306,6MOY-7,23,250,.486,301,259,.509,509,42,.273,154,.454,663,110,.688,160,68,11,1529,Russell Westbrook,93,121,PG,754,74,LAC,144,343
35,139,,30,106,.565,274,124,.561,221,150,.378,397,.443,618,51,.797,64,68,24,1893,Eric Gordon,16,79,SG,749,66,PHO,73,122
26,107,,36,161,.577,282,180,.581,310,102,.382,267,.489,577,67,.753,89,50,50,1702,OG Anunoby,47,119,SF,733,68,2TM,81,208
31,390,6MOY-7,8,155,.572,330,312,.568,549,18,.409,44,.556,593,49,.790,62,71,4,1291,T.J. McConnell,36,79,PG,727,72,IND,108,191
27,192,,17,231,.523,278,225,.538,418,53,.323,164,.478,582,117,.824,142,67,44,1866,Bruce Brown,53,148,SG,726,59,2TM,86,284
29,247,DPOY-10,70,211,.593,253,117,.563,208,136,.408,333,.468,541,73,.760,96,71,57,2040,Alex Caruso,62,181,SG,715,120,CHI,102,273
26,82,,25,231,.623,249,52,.559,93,197,.424,465,.446,558,17,.895,19,79,13,1741,Sam Hauser,45,99,SF,712,40,BOS,32,276
19,59,,24,143,.519,241,139,.502,277,102,.357,286,.428,563,115,.752,153,48,18,1233,GG Jackson II,53,64,PF,699,28,MEM,65,196
29,119,,35,209,.566,253,112,.519,216,141,.396,356,.442,572,50,.735,68,78,49,2108,Taurean Prince,21,146,PF,697,58,LAL,73,230
28,101,,23,182,.582,252,118,.551,214,134,.401,334,.460,548,54,.818,66,66,43,1644,Simone Fontecchio,64,110,SF,692,44,2TM,68,246
20,156,,8,120,.506,271,178,.494,360,93,.347,268,.432,628,55,.873,63,75,29,1594,Malaki Branham,28,94,PG,690,27,SAS,91,148
32,88,,12,126,.478,210,86,.360,239,124,.376,330,.369,569,145,.868,167,66,1,1212,Alec Burks,24,75,SG,689,28,2TM,48,150
20,273,ROY-5,14,309,.529,271,181,.499,363,90,.385,234,.454,597,50,.633,79,74,28,1968,Brandin Podziemski,118,122,SG,682,61,GSW,88,427
30,37,,48,443,.556,267,267,.560,477,0,.000,3,.556,480,129,.592,218,79,10,1351,Andre Drummond,265,140,C,663,73,CHI,81,708
27,119,,15,167,.587,254,183,.633,289,71,.348,204,.515,493,79,.832,95,75,71,1873,Terance Mann,87,145,SG,658,43,LAC,48,254
26,75,,51,168,.566,239,157,.613,256,82,.343,239,.483,495,97,.713,136,76,66,1783,Derrick Jones Jr.,82,121,SF,657,53,DAL,65,250
25,204,,42,132,.560,236,105,.517,203,131,.391,335,.439,538,52,.800,65,82,20,1921,Nickeil Alexander-Walker,35,143,SG,655,64,MIN,76,167
25,166,,23,186,.553,248,125,.571,219,123,.361,341,.443,560,36,.766,47,64,59,1562,Kevin Huerter,38,135,SG,655,45,SAC,53,224
23,138,,54,280,.528,247,141,.534,264,106,.349,304,.435,568,54,.621,87,61,35,1618,Santi Aldama,72,89,PF,654,43,MEM,69,352
26,54,,74,367,.691,260,260,.693,375,0,.000,1,.691,376,132,.737,179,67,51,1759,Nick Richards,172,176,C,652,26,CHO,73,539
23,132,,34,139,.577,235,151,.570,265,84,.391,215,.490,480,93,.679,137,69,42,1887,Isaac Okoro,67,140,SF,647,57,CLE,54,206
28,143,,29,207,.504,241,160,.489,327,81,.349,232,.431,559,77,.778,99,64,23,1756,Caleb Martin,74,126,SF,640,47,MIA,77,281
21,71,,22,357,.500,234,193,.522,370,41,.295,139,.460,509,129,.754,171,72,23,1700,Jabari Walker,151,173,SF,638,42,POR,66,508
24,99,,22,148,.609,222,75,.568,132,147,.416,353,.458,485,45,.865,52,78,1,1445,Isaiah Joe,32,87,SG,636,46,OKC,47,180
24,280,,6,105,.557,260,199,.567,351,61,.357,171,.498,522,45,.804,56,68,47,1697,Andrew Nembhard,36,143,PG,626,63,IND,101,141
27,67,,38,157,.549,230,142,.559,254,88,.359,245,.461,499,69,.742,93,68,20,1214,Duop Reath,93,161,C,617,33,POR,52,250
30,219,,44,317,.542,214,58,.496,117,156,.370,422,.397,539,24,.686,35,79,14,1954,Royce O'Neale,60,174,SF,608,59,2TM,73,377
24,95,,28,269,.600,223,159,.626,254,64,.374,171,.525,425,93,.694,134,55,48,1406,Wendell Carter Jr.,112,121,C,603,35,ORL,68,381
23,63,,38,225,.670,234,173,.689,251,61,.424,144,.592,395,72,.692,104,61,14,1047,Jalen Smith,112,124,C,601,17,IND,44,337
22,132,,35,227,.525,222,159,.498,319,63,.384,164,.460,483,93,.694,134,82,4,1655,Christian Braun,79,137,SG,600,42,DEN,55,306
24,109,,84,295,.561,259,238,.563,423,21,.368,57,.540,480,61,.718,85,82,24,1590,Paul Reed,193,198,C,600,67,PHI,67,488
21,163,,38,261,.545,239,231,.595,388,8,.138,58,.536,446,106,.684,155,62,23,1388,Amen Thompson,148,141,SF,592,78,HOU,90,409
23,236,,12,114,.516,219,129,.474,272,90,.375,240,.428,512,58,.879,66,71,11,1351,Marcus Sasser,11,103,PG,586,44,DET,90,125
24,55,,33,182,.597,239,230,.597,385,9,.391,23,.586,408,96,.762,126,50,25,1053,Marvin Bagley III,130,81,C,583,20,2TM,59,312
25,188,,85,382,.645,235,234,.646,362,1,.333,3,.644,365,111,.707,157,75,49,1896,Isaiah Hartenstein,244,210,C,582,87,NYK,93,626
30,107,,38,208,.535,215,98,.560,175,117,.348,336,.421,511,33,.717,46,68,56,1934,Dorian Finney-Smith,109,150,PF,580,56,BRK,59,317
19,33,,17,136,.539,212,133,.538,247,79,.359,220,.454,467,76,.679,112,47,2,880,Cam Whitmore,44,64,SF,579,30,HOU,46,180
29,205,,11,96,.541,208,104,.486,214,104,.390,267,.432,481,58,.866,67,78,10,1304,Cameron Payne,21,126,PG,578,42,2TM,66,117
25,74,,20,114,.528,208,104,.471,221,104,.384,271,.423,492,45,.763,59,58,0,1011,Lonnie Walker IV,13,71,SG,565,32,BRK,51,127
24,97,,68,296,.529,235,209,.562,372,26,.268,97,.501,469,69,.616,112,74,18,1624,Precious Achiuwa,191,143,PF,565,46,2TM,83,487
37,168,,62,331,.640,214,106,.658,161,108,.419,258,.511,419,26,.867,30,65,33,1740,Al Horford,82,93,C,562,38,BOS,48,413
23,114,,7,69,.572,205,96,.511,188,109,.410,266,.452,454,43,.860,50,68,14,1328,Miles McBride,31,108,PG,562,50,NYK,30,100
23,74,,60,231,.642,223,200,.676,296,23,.333,69,.611,365,92,.793,116,55,8,1405,Onyeka Okongwu,145,162,C,561,26,ATL,45,376
20,120,,37,135,.602,217,119,.572,208,98,.419,234,.491,442,29,.784,37,82,13,1692,Cason Wallace,52,129,SG,561,76,OKC,45,187
24,127,,20,137,.463,202,143,.475,301,59,.296,199,.404,500,94,.783,120,54,9,1047,Dalano Banton,41,64,PG,557,33,2TM,77,178
21,120,,59,273,.505,232,211,.575,367,21,.186,113,.483,480,71,.597,119,63,38,1583,Ausar Thompson,129,175,SF,556,68,DET,84,402
28,127,,76,283,.656,248,248,.656,378,0,,0,.656,378,59,.551,107,50,50,1319,Jakob Poeltl,146,149,C,555,35,TOR,77,429
25,86,,19,126,.645,212,150,.598,251,62,.492,126,.562,377,56,.789,71,78,4,1228,Aaron Wiggins,60,91,SG,542,56,OKC,56,186
23,82,,76,206,.702,233,233,.704,331,0,.000,1,.702,332,74,.561,132,68,16,1130,Trayce Jackson-Davis,135,108,PF,540,29,GSW,49,341
21,57,,24,131,.548,194,122,.555,220,72,.360,200,.462,420,73,.785,93,66,9,1156,Moses Moody,65,90,SG,533,42,GSW,44,196
38,393,,6,207,.525,206,128,.498,257,78,.371,210,.441,467,43,.827,52,58,18,1531,Chris Paul,18,108,PG,533,70,GSW,76,225
19,110,,48,200,.509,188,124,.502,247,64,.346,185,.435,432,92,.702,131,63,15,1715,Bilal Coulibaly,56,137,SF,532,57,WAS,87,256
21,86,,88,202,.516,208,163,.553,295,45,.296,152,.465,447,71,.670,106,80,4,1488,Peyton Watson,56,143,SF,532,42,DEN,58,258
21,109,,4,111,.492,195,114,.447,255,81,.362,224,.407,479,59,.776,76,73,7,989,Jaden Hardy,20,80,SG,530,22,DAL,62,131
23,87,,33,204,.516,197,139,.523,266,58,.337,172,.450,438,75,.758,99,70,49,1739,Toumani Camara,139,174,PF,527,66,POR,84,343
21,70,,7,119,.501,174,65,.411,158,109,.366,298,.382,456,67,.838,80,67,10,1160,Jordan Hawkins,29,72,SG,524,19,NOP,40,148
23,175,,34,231,.550,169,90,.529,170,79,.378,209,.446,379,104,.800,130,52,33,1436,Vince Williams Jr.,59,135,SG,521,47,MEM,92,290
22,60,,154,316,.660,229,225,.680,331,4,.211,19,.654,350,56,.602,93,64,22,1493,Walker Kessler,165,132,C,518,30,UTA,66,481
23,177,,19,100,.460,184,124,.438,283,60,.330,182,.396,465,88,.807,109,51,11,1009,Talen Horton-Tucker,21,94,PG,516,45,UTA,65,121
29,144,,10,210,.562,181,107,.560,191,74,.376,197,.466,388,79,.849,93,64,9,1098,Dario Å ariÄ,73,112,C,515,31,GSW,78,283
27,140,,6,100,.547,186,102,.510,200,84,.387,217,.446,417,58,.921,63,78,1,1269,Aaron Holiday,23,125,PG,514,42,HOU,53,123
20,68,,2,105,.524,189,101,.495,204,88,.365,241,.425,445,44,.863,51,60,17,1268,Gradey Dick,27,87,SG,510,34,TOR,50,132
37,70,,31,132,.529,167,114,.553,206,53,.331,160,.456,366,122,.819,149,78,6,1307,Jeff Green,46,100,PF,509,16,HOU,46,178
30,331,,47,213,.472,199,188,.488,385,11,.229,48,.460,433,97,.708,137,79,10,1782,Kyle Anderson,60,128,PF,506,71,MIN,91,273
22,103,,42,164,.534,164,63,.504,125,101,.365,277,.408,402,75,.815,92,74,59,1468,Julian Champagnie,42,77,SF,504,48,SAS,57,206
22,73,,38,231,.575,186,119,.575,207,67,.383,175,.487,382,64,.753,85,46,45,1423,Isaiah Stewart,74,99,PF,503,17,DET,66,305
33,158,,13,143,.510,187,150,.479,313,37,.411,90,.464,403,89,.742,120,51,28,1245,Gordon Hayward,38,67,SF,500,40,2TM,66,181
28,119,,11,155,.591,184,98,.601,163,86,.389,221,.479,384,35,.673,52,72,3,1269,Cedi Osman,25,107,SF,489,36,SAS,47,180
37,253,,21,160,.562,163,65,.512,127,98,.392,250,.432,377,63,.840,75,60,55,1690,Kyle Lowry,34,146,PG,487,59,2TM,85,194
35,115,,10,279,.557,158,74,.643,115,84,.344,244,.440,359,85,.787,108,55,5,924,Kevin Love,59,97,PF,485,18,MIA,48,338
27,108,,4,98,.584,158,15,.385,39,143,.404,354,.402,393,26,.929,28,61,1,1069,Sam Merrill,22,72,SG,485,19,CLE,19,120
19,60,ROY-6,77,243,.747,221,221,.752,294,0,.000,2,.747,296,41,.506,81,55,42,1294,Dereck Lively II,135,144,C,483,36,DAL,50,378
33,332,,47,322,.566,185,134,.551,243,51,.395,129,.497,372,54,.730,74,55,52,1490,Draymond Green,76,166,PF,475,55,GSW,135,398
23,130,,9,144,.575,179,107,.572,187,72,.385,187,.479,374,39,.684,57,57,33,1505,Josh Green,40,107,SG,469,47,DAL,60,184
26,128,,12,187,.542,170,112,.516,217,58,.387,150,.463,367,68,.791,86,66,1,1257,Naji Marshall,53,91,SF,466,49,NOP,65,240
26,76,,14,119,.571,166,96,.571,168,70,.380,184,.472,352,61,.859,71,70,13,1460,Amir Coffey,29,102,SF,463,41,LAC,33,148
23,83,,44,142,.483,178,116,.523,222,62,.294,211,.411,433,37,.661,56,78,28,1641,Ochai Agbaji,74,117,SG,455,47,2TM,64,216
35,212,,31,190,.497,158,97,.490,198,61,.337,181,.417,379,74,.822,90,73,13,1462,Patrick Beverley,49,128,PG,451,43,2TM,65,239
22,54,,39,226,.613,187,187,.617,303,0,.000,2,.613,305,72,.706,102,63,6,1091,James Wiseman,110,141,C,446,12,DET,66,336
23,81,,19,142,.571,164,137,.564,243,27,.397,68,.527,311,77,.794,97,63,2,856,Trendon Watford,52,106,PF,432,23,BRK,63,194
22,66,,33,120,.525,159,100,.474,211,59,.399,148,.443,359,52,.788,66,43,30,1174,Patrick Williams,46,87,PF,429,40,CHI,57,166
31,161,,19,188,.553,151,69,.633,109,82,.345,238,.435,347,44,.759,58,76,3,1676,Pat Connaughton,51,99,SF,428,40,MIL,49,239
28,157,,5,124,.621,161,108,.557,194,53,.491,108,.533,302,53,.779,68,55,17,1088,Dante Exum,25,85,PG,428,22,DAL,49,149
30,105,,14,103,.539,154,88,.561,157,66,.347,190,.444,347,51,.944,54,43,6,1103,Josh Richardson,18,76,SG,425,24,MIA,36,121
22,80,,11,158,.462,165,117,.478,245,48,.293,164,.403,409,47,.691,68,65,13,1177,David Roddy,53,72,PF,425,27,2TM,57,211
30,262,,7,74,.488,159,116,.537,216,43,.279,154,.430,370,61,.813,75,60,21,1176,Vasilije MiciÄ,14,68,PG,422,31,2TM,99,88
22,75,,9,145,.474,150,92,.487,189,58,.307,189,.397,378,62,.827,75,51,15,1038,Ziaire Williams,35,85,SF,420,36,MEM,66,180
28,72,,19,196,.576,143,59,.578,102,84,.384,219,.445,321,49,.700,70,58,0,1158,Trey Lyles,61,86,PF,419,17,SAC,38,257
22,85,,44,228,.578,168,164,.588,279,4,.267,15,.571,294,75,.610,123,61,1,921,Day'Ron Sharpe,161,131,C,415,24,BRK,70,389
27,70,,30,145,.581,153,77,.562,137,76,.396,192,.465,329,23,.639,36,66,26,1366,Haywood Highsmith,65,117,PF,405,53,MIA,34,210
25,117,6MOY-6,15,103,.525,142,64,.464,138,78,.377,207,.412,345,35,.673,52,56,0,1028,Jose Alvarado,25,89,PG,397,59,NOP,40,128
26,30,6MOY-9,70,187,.584,146,104,.598,174,42,.375,112,.510,286,59,.720,82,58,2,914,Jonathan Isaac,73,64,PF,393,43,ORL,27,260
22,50,,61,144,.665,155,155,.677,229,0,.000,4,.665,233,73,.716,102,59,3,771,Isaiah Jackson,94,137,C,383,34,IND,39,238
22,165,,3,129,.533,145,98,.516,190,47,.373,126,.459,316,45,.763,59,41,28,987,Tre Mann,20,48,PG,382,51,2TM,65,149
25,130,,8,93,.505,136,80,.513,156,56,.331,169,.418,325,52,.732,71,69,0,876,Malachi Flynn,21,66,PG,380,38,3TM,63,114
26,63,,61,219,.607,152,149,.596,250,3,1.000,3,.601,253,72,.774,93,75,6,1169,Drew Eubanks,103,115,C,379,27,PHO,61,322
25,134,,3,76,.540,146,89,.539,165,57,.361,158,.452,323,30,.714,42,72,4,1101,Davion Mitchell,19,85,PG,379,17,SAC,43,95
23,80,,21,139,.463,145,96,.525,183,49,.268,183,.396,366,37,.661,56,62,29,1348,Kris Murray,85,92,SF,376,53,POR,55,224
31,61,,51,159,.577,156,130,.586,222,26,.366,71,.532,293,38,.760,50,60,3,1015,Daniel Theis,85,127,C,376,21,2TM,42,244
29,87,,14,67,.569,131,55,.598,92,76,.371,205,.441,297,34,.756,45,54,27,1297,Gary Harris,24,91,SG,372,49,ORL,31,91
26,203,,12,114,.482,147,115,.502,229,32,.294,109,.435,338,43,.741,58,56,2,1059,Dennis Smith Jr.,50,121,PG,369,68,BRK,68,164
25,155,,18,165,.424,141,99,.411,241,42,.298,141,.369,382,44,.746,59,57,12,1055,Jordan Goodwin,88,76,PG,368,48,2TM,56,253
25,62,,13,121,.535,138,94,.560,168,44,.336,131,.462,299,44,.830,53,52,1,712,Jordan Nwora,28,48,SF,364,26,2TM,53,149
23,66,,7,85,.495,122,41,.466,88,81,.338,240,.372,328,34,.756,45,51,18,1025,Quentin Grimes,15,75,SG,359,35,2TM,28,100
28,94,,16,49,.484,138,61,.466,131,77,.329,234,.378,365,4,.571,7,72,0,1004,Jevon Carter,11,71,PG,357,37,CHI,36,60
29,254,,28,139,.535,147,106,.525,202,41,.369,111,.470,313,22,.688,32,66,32,1249,Kris Dunn,50,135,PG,357,68,UTA,79,189
20,164,,25,174,.514,139,97,.551,176,42,.311,135,.447,311,34,.642,53,61,16,1358,Dyson Daniels,62,101,PG,354,85,NOP,59,236
26,90,,49,106,.524,126,46,.535,86,80,.346,231,.397,317,22,.759,29,65,19,1487,Matisse Thybulle,30,93,SF,354,113,POR,40,136
20,90,,14,167,.568,127,62,.525,118,65,.399,163,.452,281,33,.702,47,46,38,896,Nikola JoviÄ,25,82,PF,352,25,MIA,42,192
32,70,,2,49,.599,123,29,.527,55,94,.410,229,.433,284,11,.579,19,64,0,904,Doug McDermott,10,64,SF,351,16,2TM,28,59
31,113,,19,213,.629,138,111,.631,176,27,.415,65,.573,241,47,.770,61,61,0,1216,Larry Nance Jr.,94,98,C,350,61,NOP,49,307
28,49,,33,215,.532,123,88,.587,150,35,.307,114,.466,264,66,.702,94,50,1,872,Christian Wood,39,72,PF,347,16,LAL,50,254
25,120,,15,82,.479,154,150,.487,308,4,.222,18,.472,326,23,.697,33,43,18,910,Markelle Fultz,56,65,PG,335,42,ORL,50,138
28,67,,61,143,.702,142,141,.698,202,1,1.000,1,.700,203,49,.907,54,63,7,983,Luke Kornet,118,77,C,334,23,BOS,21,261
27,133,,29,276,.597,139,139,.599,232,0,.000,1,.597,233,56,.675,83,74,36,1195,Kevon Looney,143,155,C,334,28,GSW,50,419
26,46,,16,153,.561,123,95,.633,150,28,.298,94,.504,244,58,.906,64,51,12,859,Chimezie Metu,41,71,C,332,43,2TM,52,194
26,54,,10,46,.527,118,65,.556,117,53,.338,157,.431,274,38,.826,46,46,5,726,Landry Shamet,16,76,SG,327,25,WAS,30,62
27,37,,8,75,.644,103,18,.545,33,85,.440,193,.456,226,34,.810,42,66,5,992,Garrison Mathews,17,115,SG,325,20,ATL,19,92
29,93,,9,148,.568,131,75,.540,139,56,.397,141,.468,280,7,.500,14,69,1,1029,Kenrich Williams,61,101,PF,325,38,OKC,32,209
31,23,,24,145,.578,110,79,.642,123,31,.330,94,.507,217,71,.772,92,50,0,705,Chris Boucher,62,68,PF,322,14,TOR,28,207
35,128,,38,178,.596,116,43,.606,71,73,.395,185,.453,256,15,.714,21,60,38,1529,Nicolas Batum,70,109,PF,320,48,2TM,40,248
20,91,,21,106,.540,115,78,.510,153,37,.394,94,.466,247,49,.613,80,69,33,1164,Anthony Black,33,110,PG,316,35,ORL,56,139
34,36,,13,111,.530,116,68,.469,145,48,.403,119,.439,264,36,.818,44,49,7,817,Marcus Morris,23,74,PF,316,15,2TM,30,134
33,66,,9,130,.530,114,56,.538,104,58,.349,166,.422,270,26,.722,36,50,25,1156,Jae Crowder,31,74,PF,312,38,MIL,23,161
24,79,,72,177,.608,126,124,.636,195,2,.143,14,.603,209,57,.655,87,62,33,957,Goga Bitadze,109,107,C,311,32,ORL,44,286
24,85,,29,92,.612,107,37,.578,64,70,.417,168,.461,232,26,.743,35,57,21,978,Keon Ellis,32,112,SG,310,51,SAC,37,124
33,58,,21,148,.550,108,48,.490,98,60,.392,153,.430,251,27,.750,36,53,14,1049,Torrey Craig,69,110,SF,303,30,CHI,32,217
23,33,,29,142,.720,126,126,.754,167,0,.000,8,.720,175,51,.622,82,70,5,877,Jaxson Hayes,69,123,C,303,34,LAL,43,211
21,51,,10,85,.513,101,67,.523,128,34,.333,102,.439,230,66,.776,85,59,14,882,Bryce McGowens,17,74,SG,302,21,CHO,30,102
19,59,,7,54,.500,113,50,.350,143,63,.432,146,.391,289,13,.867,15,51,0,729,Nick Smith Jr.,18,55,SG,302,10,CHO,39,72
36,203,,5,124,.590,99,29,.439,66,70,.435,161,.436,227,28,.824,34,68,0,1169,Joe Ingles,18,88,SF,296,43,ORL,67,142
27,43,,25,181,.584,96,17,.567,30,79,.391,202,.414,232,20,.769,26,54,32,1108,Dean Wade,37,93,PF,291,40,CLE,20,218
31,35,,12,52,.556,92,16,.471,34,76,.380,200,.393,234,30,.909,33,43,1,674,DÄvis BertÄns,9,56,PF,290,26,2TM,18,61
22,205,,20,108,.452,117,95,.455,209,22,.297,74,.413,283,33,.660,50,42,31,1008,Killian Hayes,11,75,PG,289,36,DET,51,119
23,118,,15,88,.535,116,104,.536,194,12,.353,34,.509,228,41,.732,56,51,6,649,Craig Porter Jr.,21,40,PG,285,21,CLE,45,109
20,60,,17,127,.515,103,61,.496,123,42,.356,118,.427,241,36,.783,46,67,7,944,Max Christie,15,57,SG,284,20,LAL,35,142
25,77,,44,141,.470,121,101,.510,198,20,.247,81,.434,279,22,.440,50,54,15,974,Xavier Tillman Sr.,70,75,PF,284,51,2TM,34,211
25,46,,28,134,.583,109,109,.596,183,0,.000,4,.583,187,64,.667,96,45,2,682,Bruno Fernando,59,107,C,282,25,ATL,44,193
35,55,,6,88,.516,83,53,.546,97,30,.323,93,.437,190,84,.857,98,49,0,630,Danilo Gallinari,20,50,SF,280,14,3TM,23,108
25,64,,24,80,.488,86,57,.509,112,29,.309,94,.417,206,76,.745,102,60,11,960,Josh Okogie,74,68,SG,277,48,PHO,36,154
21,110,,27,198,.533,95,42,.500,84,53,.368,144,.417,228,33,.805,41,69,1,897,Jaylin Williams,36,98,C,276,28,OKC,34,234
28,65,,33,84,.539,106,96,.578,166,10,.250,40,.515,206,52,.800,65,56,3,763,Jock Landale,88,74,C,274,20,HOU,31,172
20,166,,9,76,.502,102,90,.563,160,12,.218,55,.474,215,52,.667,78,61,3,876,Blake Wesley,18,89,SG,268,29,SAS,55,94
28,64,,15,136,.522,108,85,.559,152,23,.299,77,.472,229,26,.667,39,65,9,1031,Jae'Sean Tate,61,137,SF,265,42,HOU,37,197
24,48,,14,72,.468,91,54,.435,124,37,.336,110,.389,234,41,.759,54,48,26,984,Cam Reddish,27,64,SF,260,47,LAL,31,99
25,41,,60,161,.553,97,72,.537,134,25,.391,64,.490,198,34,.680,50,57,17,740,Mo Bamba,77,101,C,253,22,PHI,39,238
21,29,,4,56,.563,80,8,.615,13,72,.373,193,.388,206,21,.808,26,59,13,815,Caleb Houstan,28,61,SF,253,15,ORL,16,84
24,30,,4,55,.599,83,14,.519,27,69,.408,169,.423,196,17,.895,19,56,0,614,A.J. Green,9,49,SG,252,9,MIL,12,64
22,53,,2,74,.500,90,41,.562,73,49,.314,156,.393,229,23,.885,26,57,1,814,Ben Sheppard,15,88,SG,252,33,IND,15,89
24,60,,3,119,.476,84,37,.435,85,47,.333,141,.372,226,32,.865,37,59,15,827,Troy Brown Jr.,25,42,SF,247,24,2TM,30,144
33,55,,17,174,.569,87,87,.592,147,0,.000,6,.569,153,70,.707,99,46,11,674,Mason Plumlee,60,68,C,244,14,LAC,36,234
31,48,,18,67,.617,103,83,.648,128,20,.364,55,.563,183,14,.609,23,44,0,680,Gary Payton II,46,77,SG,240,39,GSW,27,113
27,110,,51,185,.514,88,50,.568,88,38,.317,120,.423,208,21,.840,25,55,23,1173,John Konchar,72,76,SF,235,51,MEM,46,257
34,67,,9,62,.595,88,33,.569,58,55,.404,136,.454,194,3,.750,4,58,9,862,Justin Holiday,9,69,SG,234,36,DEN,14,71
26,44,,8,80,.486,80,36,.434,83,44,.346,127,.381,210,26,.788,33,59,11,719,Chris Duarte,26,80,SF,230,28,SAC,26,106
21,47,,7,56,.462,82,41,.488,84,41,.297,138,.369,222,22,.710,31,50,0,545,Julian Strawther,5,54,SF,227,17,DEN,23,61
33,44,,6,50,.485,80,42,.438,96,38,.352,108,.392,204,28,.903,31,44,4,616,Seth Curry,18,39,SG,226,22,2TM,21,68
28,19,,7,66,.558,84,39,.549,71,45,.375,120,.440,191,12,.800,15,42,0,511,Sasha Vezenkov,30,42,PF,225,20,SAC,12,96
23,51,,12,90,.558,97,89,.582,153,8,.286,28,.536,181,22,.537,41,60,2,746,KJ Martin,41,100,SF,224,22,2TM,32,131
24,17,,25,105,.689,93,71,.717,99,22,.423,52,.616,151,15,.789,19,43,0,469,Bol Bol,32,42,PF,223,10,PHO,19,137
25,29,,18,136,.552,99,94,.588,160,5,.208,24,.538,184,19,.679,28,48,12,545,Omer Yurtseven,72,52,C,222,8,UTA,37,208
27,60,,6,61,.451,79,61,.466,131,18,.281,64,.405,195,40,.816,49,48,0,581,Shake Milton,14,54,SG,216,19,3TM,31,75
23,45,,4,84,.492,76,52,.495,105,24,.324,74,.425,179,38,.826,46,43,3,664,Jalen Wilson,47,48,PF,214,11,BRK,19,131
23,31,,7,77,.578,81,51,.560,91,30,.400,75,.488,166,19,.679,28,48,1,608,MarJon Beauchamp,22,54,SF,211,13,MIL,27,99
31,119,,11,67,.460,74,49,.408,120,25,.368,68,.394,188,37,.822,45,47,1,742,Delon Wright,19,32,PG,210,54,2TM,14,86
32,84,,20,117,.684,72,71,.689,103,1,.333,3,.679,106,63,.708,89,63,9,836,Dwight Powell,97,113,C,208,26,DAL,32,214
26,35,,5,50,.524,81,68,.562,121,13,.283,46,.485,167,32,.653,49,43,0,393,Eugene Omoruyi,35,62,SF,207,27,WAS,21,85
25,44,,8,99,.493,68,53,.541,98,15,.273,55,.444,153,50,.602,83,55,1,630,Oshae Brissett,61,54,SF,201,19,BOS,20,160
21,29,,27,103,.514,80,52,.510,102,28,.346,81,.437,183,11,.550,20,63,3,781,JT Thor,43,60,PF,199,11,CHO,15,146
28,38,,22,79,.497,72,51,.526,97,21,.304,69,.434,166,32,.762,42,53,8,665,Keita Bates-Diop,31,35,SF,197,25,2TM,15,110
27,110,,7,54,.628,70,28,.500,56,42,.472,89,.483,145,13,.722,18,56,0,626,Jordan McLaughlin,18,31,PG,195,35,MIN,19,72
32,68,,30,113,.541,63,31,.574,54,32,.348,92,.432,146,33,.702,47,43,7,871,Maxi Kleber,30,79,C,191,17,DAL,28,143
24,49,,12,102,.532,73,54,.593,91,19,.297,64,.471,155,25,.735,34,46,5,451,Sandro Mamukelashvili,45,35,C,190,7,SAS,19,147
31,34,,11,57,.500,75,65,.546,119,10,.244,41,.469,160,29,.806,36,50,3,466,Anthony Gill,37,48,PF,189,13,WAS,23,94
23,32,,38,65,.483,69,63,.500,126,6,.261,23,.463,149,42,.677,62,58,0,576,Zeke Nnaji,61,81,PF,186,15,DEN,27,126
36,17,,20,84,.602,79,78,.624,125,1,.143,7,.598,132,26,.578,45,46,0,339,JaVale McGee,42,46,C,185,14,SAC,34,126
21,81,,18,84,.494,69,52,.627,83,17,.230,74,.439,157,25,.581,43,59,2,681,Dalen Terry,29,81,SG,180,27,CHI,32,113
24,19,,7,80,.421,60,47,.500,94,13,.203,64,.380,158,44,.786,56,43,7,404,Luka Å amaniÄ,22,32,PF,177,5,UTA,28,102
25,137,,5,37,.570,60,9,.375,24,51,.405,126,.400,150,2,1.000,2,41,14,699,Jacob Gilyard,9,39,PG,173,33,2TM,30,46
26,37,,6,61,.376,65,53,.449,118,12,.169,71,.344,189,27,.730,37,50,1,538,Jalen McDaniels,18,52,SF,169,19,TOR,30,79
21,44,,15,45,.432,59,49,.490,100,10,.208,48,.399,148,35,.833,42,49,2,507,Jaden Springer,33,66,PG,163,36,2TM,34,78
26,35,,1,40,.569,57,15,.517,29,42,.389,108,.416,137,6,.667,9,41,2,413,Svi Mykhailiuk,11,19,SF,162,11,BOS,12,51
32,51,,14,101,.608,73,73,.613,119,0,.000,1,.608,120,15,.288,52,49,0,549,Tristan Thompson,73,59,C,161,12,CLE,29,174
32,36,,13,86,.449,56,28,.467,60,28,.292,96,.359,156,17,.680,25,53,6,600,Mike Muscala,39,52,C,157,9,3TM,22,125
21,32,,10,54,.448,62,48,.421,114,14,.350,40,.403,154,14,.583,24,50,6,613,Johnny Davis,18,57,SG,152,18,WAS,13,72
23,21,,10,61,.544,57,36,.667,54,21,.300,70,.460,124,17,.850,20,45,2,458,Nassir Little,14,39,SF,152,10,PHO,14,75
35,145,,4,65,.430,66,62,.413,150,4,.500,8,.418,158,3,.750,4,43,5,741,Ish Smith,11,49,PG,139,17,CHO,47,76
23,20,,3,36,.500,54,41,.577,71,13,.260,50,.446,121,15,.652,23,42,0,311,A.J. Lawson,14,22,SG,136,10,DAL,14,50
22,50,,6,70,.585,50,33,.611,54,17,.370,46,.500,100,8,.727,11,57,8,572,Andre Jackson Jr.,43,92,SG,125,16,MIL,28,113
30,50,,33,82,.617,50,50,.641,78,0,.000,3,.617,81,20,.588,34,48,0,444,Alex Len,46,66,C,120,11,SAC,27,128
25,20,,7,62,.460,40,17,.567,30,23,.280,82,.357,112,4,.571,7,47,8,432,Chuma Okeke,18,19,SF,107,9,ORL,16,80
32,15,,5,67,.579,34,7,.467,15,27,.403,67,.415,82,1,1.000,1,44,0,417,Reggie Bullock,6,29,SF,96,12,HOU,10,73
23,15,,4,33,.537,34,14,.467,30,20,.385,52,.415,82,5,.556,9,54,0,275,Kessler Edwards,9,26,SF,93,10,SAC,4,42
25,25,,19,91,.691,38,38,.691,55,0,,0,.691,55,16,.667,24,45,11,585,Jericho Sims,56,45,C,92,8,NYK,16,147
24,25,,6,42,.489,37,23,.548,42,14,.292,48,.411,90,1,.500,2,44,0,394,Kobe Brown,20,49,PF,89,12,LAC,9,62
31,39,,5,64,.427,26,25,.424,59,1,.333,3,.419,62,23,.605,38,43,0,320,Cody Zeller,48,45,C,76,9,NOP,16,112
27,299,"MVP-1,DPOY-2,AS,NBA1",239,742,.574,956,956,.575,1664,0,.000,1,.574,1665,432,.524,824,79,79,3163,Shaquille O'Neal,336,255,C,2344,36,LAL,223,1078
23,322,"MVP-10,AS,NBA3",92,326,.493,788,693,.475,1460,95,.403,236,.465,1696,436,.791,551,82,82,3126,Vince Carter,150,263,SF,2107,110,TOR,178,476
36,304,"MVP-4,AS,NBA2",71,610,.510,752,750,.511,1468,2,.250,8,.509,1476,589,.797,739,82,82,2947,Karl Malone,169,229,PF,2095,79,UTA,231,779
24,328,"MVP-7,AS,NBA2",5,196,.446,729,640,.435,1472,89,.341,261,.421,1733,442,.713,620,70,70,2853,Allen Iverson,71,162,SG,1989,144,PHI,230,267
31,732,"MVP-6,DPOY-5,AS,NBA1",18,429,.502,747,570,.497,1146,177,.340,520,.448,1666,311,.735,423,82,82,3425,Gary Payton,100,178,PG,1982,153,SEA,224,529
25,365,AS,36,197,.456,619,536,.462,1159,83,.288,288,.428,1447,618,.815,758,82,82,3148,Jerry Stackhouse,118,188,SG,1939,103,DET,311,315
27,385,"MVP-8,AS,NBA2",43,393,.501,696,662,.500,1324,34,.347,98,.489,1422,480,.795,604,74,74,2776,Grant Hill,97,190,SF,1906,103,DET,240,490
23,401,"MVP-2,DPOY-7,AS,NBA1",126,733,.507,759,729,.504,1445,30,.370,81,.497,1526,309,.765,404,81,81,3243,Kevin Garnett,223,205,PF,1857,120,MIN,268,956
26,438,"MVP-13,AS",32,396,.487,748,649,.467,1389,99,.401,247,.457,1636,260,.820,317,82,82,3464,Michael Finley,122,171,SF,1855,109,DAL,196,518
26,345,"MVP-9,AS,NBA3",128,598,.492,748,721,.496,1453,27,.284,95,.483,1548,311,.751,414,75,75,2880,Chris Webber,189,264,PF,1834,120,SAC,218,787
24,308,AS,19,276,.516,642,470,.468,1004,172,.423,407,.455,1411,353,.887,398,82,82,3070,Ray Allen,83,187,SG,1809,110,MIL,183,359
29,123,"MVP-3,DPOY-1,AS,NBA2",294,538,.551,652,652,.553,1180,0,.000,4,.551,1184,414,.711,582,79,78,2748,Alonzo Mourning,215,308,C,1718,40,MIA,217,753
23,234,"MVP-5,AS,NBA1",165,656,.491,628,627,.494,1270,1,.091,11,.490,1281,459,.761,603,74,74,2875,Tim Duncan,262,210,PF,1716,66,SAS,242,918
27,193,AS,41,378,.502,690,604,.493,1224,86,.363,237,.472,1461,227,.802,283,81,81,2909,Glenn Robinson,107,212,SF,1693,78,MIL,223,485
23,305,,32,453,.455,648,575,.471,1221,73,.256,285,.430,1506,311,.699,445,82,82,3003,Antoine Walker,199,263,PF,1680,117,BOS,259,652
23,271,,87,607,.477,594,565,.478,1181,29,.302,96,.465,1277,446,.809,551,82,82,3223,Shareef Abdur-Rahim,218,244,SF,1663,89,VAN,249,825
22,622,NBA3,15,179,.457,569,503,.464,1084,66,.283,233,.432,1317,436,.813,536,74,74,2881,Stephon Marbury,61,195,PG,1640,112,NJN,270,240
20,155,ROY-1,132,462,.482,630,630,.483,1304,0,.000,2,.482,1306,367,.685,536,81,80,2999,Elton Brand,348,259,PF,1627,66,CHI,228,810
28,224,AS,14,233,.525,614,508,.494,1028,106,.436,243,.483,1271,280,.838,334,82,82,3169,Allan Houston,38,219,SG,1614,65,NYK,186,271
25,159,,139,451,.507,614,614,.508,1209,0,.000,2,.507,1211,323,.626,516,81,81,2698,Antonio McDyess,234,316,PF,1551,69,DEN,230,685
24,158,,60,476,.478,559,475,.462,1029,84,.368,228,.445,1257,333,.847,393,80,80,2782,Keith Van Horn,200,258,PF,1535,64,NJN,245,676
29,332,,22,300,.452,568,524,.445,1178,44,.346,127,.435,1305,344,.866,397,82,82,3276,Latrell Sprewell,49,184,SF,1524,109,NYK,226,349
30,729,,8,232,.477,545,519,.481,1080,26,.289,90,.466,1170,390,.876,445,81,81,2899,Sam Cassell,69,255,PG,1506,102,MIL,267,301
24,208,,45,201,.483,554,435,.444,979,119,.409,291,.436,1270,269,.830,324,82,82,3103,Michael Dickerson,78,226,SG,1496,116,VAN,165,279
21,323,"MVP-12,DPOY-5,AS,NBA2",62,308,.488,554,508,.489,1039,46,.319,144,.468,1183,331,.821,403,66,62,2524,Kobe Bryant,108,220,SG,1485,106,LAL,182,416
33,224,DPOY-8,61,254,.517,530,410,.501,818,120,.370,324,.464,1142,298,.782,381,80,67,2839,Clifford Robinson,105,239,SF,1478,90,PHO,166,359
34,187,"MVP-13,AS",25,189,.527,466,301,.473,637,165,.408,404,.448,1041,373,.919,406,81,81,2987,Reggie Miller,50,126,SG,1470,85,IND,129,239
30,138,,96,494,.418,484,482,.418,1154,2,.333,6,.417,1160,493,.776,635,82,82,2492,Shawn Kemp,231,371,C,1463,100,CLE,291,725
27,320,"MVP-13,MIP-1",49,345,.503,563,486,.486,1000,77,.393,196,.471,1196,254,.827,307,80,80,2978,Jalen Rose,42,234,SF,1457,84,IND,188,387
28,305,"DPOY-3,AS,NBA3",49,262,.484,478,350,.450,778,128,.375,341,.427,1119,362,.864,419,72,72,2807,Eddie Jones,81,176,SG,1446,192,CHH,160,343
21,203,,68,430,.513,515,399,.491,812,116,.379,306,.461,1118,289,.830,348,82,81,2938,Dirk Nowitzki,102,256,PF,1435,63,DAL,141,532
22,221,,62,313,.486,486,390,.476,819,96,.343,280,.442,1099,359,.798,450,73,72,2583,Paul Pierce,83,237,SF,1427,152,BOS,178,396
34,142,"AS,NBA3",183,577,.512,528,528,.513,1029,0,.000,2,.512,1031,371,.726,511,80,80,2557,David Robinson,193,247,C,1427,97,SAS,164,770
22,507,ROY-1,29,257,.493,497,390,.483,807,107,.345,310,.445,1117,287,.786,365,77,77,2776,Steve Francis,152,231,PG,1388,118,HOU,306,409
31,501,MVP-13,9,205,.494,484,347,.485,716,137,.340,403,.433,1119,225,.911,247,82,82,2590,Darrell Armstrong,65,137,PG,1330,169,ORL,248,270
27,298,,14,317,.493,515,403,.458,880,112,.403,278,.445,1158,186,.778,239,76,76,2828,Jamal Mashburn,64,215,SF,1328,79,MIA,180,381
25,142,AS,107,437,.522,542,534,.537,995,8,.160,50,.519,1045,233,.704,331,81,77,2845,Rasheed Wallace,129,216,PF,1325,87,POR,157,566
29,230,,10,293,.458,507,390,.418,932,117,.386,303,.411,1235,186,.877,212,79,76,2767,Jim Jackson,101,167,SF,1317,57,ATL,185,394
28,148,,66,378,.456,514,512,.457,1121,2,.250,8,.455,1129,281,.682,412,79,75,2849,Vin Baker,227,288,C,1311,47,SEA,213,605
34,185,,13,176,.470,447,354,.438,808,93,.386,241,.426,1049,298,.876,340,74,69,2397,Mitch Richmond,37,191,SG,1285,110,WAS,154,213
24,208,6MOY-2,32,229,.481,437,333,.460,724,104,.356,292,.430,1016,299,.847,353,81,8,2496,Cuttino Mobley,59,171,SG,1277,87,HOU,186,288
28,714,,11,277,.445,473,340,.419,812,133,.332,401,.390,1213,196,.817,240,79,79,2950,Nick Van Exel,34,148,PG,1275,68,DEN,221,311
32,176,,12,271,.472,421,337,.449,751,84,.367,229,.430,980,346,.874,396,80,80,2530,Glen Rice,56,179,SF,1272,47,LAL,114,327
20,317,ROY-3,95,436,.467,449,390,.453,860,59,.360,164,.438,1024,302,.719,420,76,70,2767,Lamar Odom,159,291,SF,1259,91,LAC,258,595
32,175,,130,508,.482,446,395,.471,838,51,.362,141,.456,979,296,.785,377,74,64,2347,Derrick Coleman,124,195,PF,1239,34,CHH,173,632
21,205,,28,236,.413,459,430,.421,1022,29,.232,125,.400,1147,279,.740,377,82,37,2324,Larry Hughes,113,191,SG,1226,115,2TM,195,349
30,209,,31,190,.520,420,324,.492,659,96,.398,241,.467,900,289,.850,340,82,81,2689,Steve Smith,123,214,SG,1225,71,POR,117,313
26,247,,21,338,.459,509,509,.462,1101,0,.000,7,.459,1108,202,.735,275,82,82,2909,Juwan Howard,132,299,PF,1220,67,WAS,225,470
20,263,6MOY-3,151,313,.460,459,441,.463,953,18,.277,65,.451,1018,277,.707,392,79,34,2462,Tracy McGrady,188,201,SF,1213,90,TOR,160,501
29,629,,30,194,.492,486,433,.476,910,53,.402,132,.466,1042,187,.899,208,71,71,2587,Terrell Brandon,44,158,PG,1212,134,MIN,184,238
21,665,,15,233,.483,459,382,.466,819,77,.363,212,.445,1031,195,.780,250,82,82,3155,Mike Bibby,73,171,PG,1190,132,VAN,247,306
26,132,,36,296,.476,460,409,.465,880,51,.367,139,.451,1019,204,.761,268,74,72,2365,Lamond Murray,127,208,SF,1175,105,CLE,184,423
29,158,,23,328,.504,408,302,.467,646,106,.396,268,.446,914,237,.750,316,82,70,2900,Bryon Russell,99,255,SF,1159,128,UTA,101,427
28,219,,6,195,.445,449,393,.441,892,56,.311,180,.419,1072,204,.785,260,60,47,2084,Isaiah Rider,63,132,SG,1158,41,ATL,168,258
29,420,,8,170,.483,434,349,.456,766,85,.386,220,.440,986,196,.775,253,82,82,2593,Kenny Anderson,55,230,PG,1149,139,BOS,130,225
23,158,,23,186,.433,460,445,.431,1032,15,.313,48,.426,1080,213,.789,270,68,68,2377,Ron Mercer,64,151,SG,1148,75,2TM,151,250
30,90,6MOY-3,24,290,.468,447,403,.464,868,44,.328,134,.446,1002,209,.843,248,69,25,2064,Cedric Ceballos,172,165,SF,1147,56,DAL,125,462
28,170,6MOY-1,47,309,.551,428,313,.506,619,115,.439,262,.486,881,159,.639,249,82,7,2286,Rodney Rogers,138,290,PF,1130,94,PHO,163,447
29,463,,11,186,.472,407,319,.451,707,88,.355,248,.426,955,214,.778,275,82,82,2760,David Wesley,39,186,PG,1116,109,CHH,159,225
27,77,,54,306,.462,429,428,.465,920,1,.100,10,.461,930,224,.671,334,82,82,2775,Alan Henderson,265,233,PF,1083,81,ATL,139,571
25,220,,11,178,.470,377,322,.472,682,55,.309,178,.438,860,271,.877,309,64,58,2201,Derek Anderson,80,149,SG,1080,90,LAC,167,258
26,97,,58,367,.506,420,420,.507,828,0,.000,2,.506,830,236,.792,298,82,82,2677,Othella Harrington,196,287,PF,1076,36,VAN,217,563
23,101,,48,304,.464,458,457,.466,980,1,.125,8,.464,988,143,.711,201,62,60,2227,Maurice Taylor,96,217,PF,1060,51,LAC,169,400
29,327,,22,215,.519,379,211,.419,503,168,.432,389,.425,892,117,.760,154,82,82,2919,Lindsey Hunter,35,216,PG,1043,129,DET,145,250
34,406,DPOY-8,41,399,.501,388,302,.506,597,86,.327,263,.451,860,160,.717,223,82,82,2749,Scottie Pippen,114,208,SF,1022,117,POR,208,513
33,85,,100,307,.484,431,431,.485,889,0,.000,1,.484,890,156,.739,211,79,79,1852,Rik Smits,94,249,C,1018,20,IND,108,401
28,315,,38,256,.494,378,345,.496,696,33,.324,102,.474,798,226,.790,286,60,60,2253,Anfernee Hardaway,91,164,SG,1015,94,PHO,153,347
32,71,,23,348,.466,365,347,.474,732,18,.257,70,.455,802,266,.713,373,85,0,1811,Chris Gatling,154,246,PF,1014,82,2TM,169,502
26,239,,32,293,.524,368,289,.523,553,79,.351,225,.473,778,194,.767,253,82,82,2700,Shandon Anderson,91,182,SF,1009,96,HOU,194,384
26,284,,19,238,.512,356,234,.484,483,122,.367,332,.437,815,175,.697,251,73,45,2216,Bob Sura,50,201,SG,1009,91,CLE,148,288
23,97,,180,471,.480,392,332,.477,696,60,.328,183,.446,879,162,.686,236,81,80,2435,Raef LaFrentz,170,292,C,1006,42,DEN,96,641
31,244,,103,482,.507,384,377,.511,738,7,.269,26,.503,764,230,.691,333,82,81,2374,Vlade Divac,174,251,C,1005,103,SAC,190,656
30,186,,45,378,.478,379,372,.479,777,7,.292,24,.473,801,237,.812,292,82,82,2443,Christian Laettner,175,326,C,1002,83,DET,186,553
24,589,,8,208,.448,363,218,.466,468,145,.287,505,.373,973,128,.753,170,81,81,2760,Jason Williams,22,140,PG,999,117,SAC,296,230
31,210,DPOY-8,41,201,.425,396,376,.428,878,20,.256,78,.414,956,181,.710,255,76,75,2355,Kendall Gill,82,211,SF,993,139,NJN,89,283
37,703,AS,15,170,.530,363,320,.530,604,43,.355,121,.501,725,221,.860,257,82,82,2432,John Stockton,45,192,PG,990,143,UTA,179,215
31,129,,150,422,.446,370,370,.450,823,0,.000,6,.446,829,247,.690,358,78,77,2538,Elden Campbell,168,269,C,987,56,CHH,127,590
26,405,,1,182,.477,386,306,.449,682,80,.377,212,.432,894,122,.841,145,78,78,2372,Damon Stoudamire,61,173,PG,974,77,POR,149,243
24,121,,31,193,.449,364,270,.426,634,94,.335,281,.398,915,151,.791,191,73,39,2317,Tyrone Nesby,82,205,SG,973,75,LAC,102,275
26,678,"MVP-11,DPOY-8,AS,NBA1",28,387,.442,350,294,.427,689,56,.337,166,.409,855,203,.829,245,67,67,2616,Jason Kidd,96,148,PG,959,134,PHO,226,483
36,202,,16,133,.537,358,292,.495,590,66,.478,138,.492,728,171,.950,180,77,77,2133,Jeff Hornacek,49,149,SG,953,66,UTA,113,182
33,367,DPOY-8,29,554,.480,317,317,.480,660,0,.000,1,.480,661,314,.746,421,82,81,3133,Anthony Mason,145,220,SF,948,74,CHH,160,699
28,291,,31,322,.579,327,163,.529,308,164,.411,399,.463,707,127,.809,157,80,74,2726,Brent Barry,50,228,SG,945,103,SEA,142,372
22,113,,31,232,.503,347,284,.497,571,63,.346,182,.461,753,188,.774,243,80,1,2093,Tim Thomas,100,227,SF,945,59,MIL,129,332
33,105,"DPOY-3,AS",269,853,.562,322,322,.562,573,0,,0,.562,573,298,.708,421,82,82,2984,Dikembe Mutombo,304,248,C,942,27,ATL,174,1157
24,126,,40,216,.545,354,342,.539,634,12,.444,27,.536,661,222,.692,321,81,74,2097,Ruben Patterson,218,190,SF,942,94,SEA,144,434
37,58,,84,464,.466,361,361,.467,773,0,.000,2,.466,775,207,.731,283,62,62,2035,Patrick Ewing,140,196,C,929,36,NYK,142,604
29,197,,19,233,.482,371,361,.485,745,10,.286,35,.476,780,177,.812,218,82,61,2392,Malik Sealy,119,197,SF,929,76,MIN,110,352
34,491,,18,125,.474,402,401,.477,841,1,.111,9,.473,850,114,.735,155,82,82,2571,Avery Johnson,33,150,PG,919,76,SAS,140,158
23,476,ROY-4,17,195,.456,339,329,.466,706,10,.204,49,.449,755,226,.774,292,82,36,2093,Andre Miller,85,194,PG,914,84,CLE,166,280
31,105,,100,461,.440,313,313,.440,712,0,,0,.440,712,284,.765,371,79,78,2479,Antonio Davis,235,267,C,910,38,TOR,121,696
26,167,,68,448,.423,331,282,.402,702,49,.355,138,.394,840,199,.780,255,64,51,2071,Donyell Marshall,189,180,PF,910,68,GSW,123,637
29,321,,43,222,.472,311,212,.434,489,99,.360,275,.407,764,182,.843,216,73,73,2264,Doug Christie,63,167,SG,903,102,TOR,144,285
22,106,6MOY-6,7,202,.517,321,221,.491,450,100,.375,267,.448,717,135,.882,153,74,11,1749,Peja StojakoviÄ,74,97,SF,877,52,SAC,88,276
33,519,,18,186,.430,327,326,.440,741,1,.048,21,.429,762,214,.702,305,69,67,2188,Rod Strickland,73,147,PG,869,94,WAS,187,259
26,211,,13,254,.483,316,243,.447,544,73,.392,186,.433,730,162,.831,195,68,67,2025,Erick Strickland,69,190,SG,867,105,DAL,102,323
20,202,,39,246,.447,309,249,.438,568,60,.314,191,.407,759,188,.674,279,72,63,2238,Metta World Peace,62,159,SF,866,119,CHI,166,308
26,119,,20,293,.479,323,323,.480,673,0,.000,2,.479,675,206,.597,345,71,56,2159,Jason Caffey,189,269,PF,852,62,GSW,170,482
22,201,,23,183,.532,342,314,.531,591,28,.359,78,.511,669,133,.826,161,73,53,2171,Wally Szczerbiak,89,175,SF,845,58,MIN,83,272
23,90,,15,187,.472,356,354,.473,749,2,.286,7,.471,756,127,.611,208,43,41,1556,Antawn Jamison,172,115,SF,841,30,GSW,113,359
29,95,,37,204,.438,306,305,.439,694,1,.167,6,.437,700,223,.766,291,80,53,1684,John Amaechi,62,161,C,836,35,ORL,139,266
24,89,,60,381,.489,288,225,.470,479,63,.362,174,.441,653,196,.848,231,81,14,1885,Austin Croshere,135,203,PF,835,44,IND,121,516
31,265,,28,198,.438,297,253,.452,560,44,.262,168,.408,728,192,.725,265,56,31,1784,Toni KukoÄ,75,112,SF,830,77,2TM,146,273
29,157,,44,237,.533,312,210,.500,420,102,.391,261,.458,681,101,.821,123,76,66,1859,Walt Williams,69,190,SF,827,49,HOU,113,306
32,489,,22,215,.451,327,226,.422,536,101,.336,301,.391,837,67,.705,95,73,72,2459,Mookie Blaylock,55,122,PG,822,146,GSW,143,270
36,65,,11,115,.504,278,206,.476,433,72,.379,190,.446,623,192,.838,229,82,9,1763,Johnny Newman,39,207,SF,820,53,NJN,89,154
31,52,,27,405,.485,318,318,.485,655,0,.000,1,.485,656,179,.691,259,68,65,2155,Tyrone Hill,220,243,PF,815,64,PHI,124,625
28,72,,24,208,.517,290,177,.435,407,113,.430,263,.433,670,120,.851,141,80,8,1831,Tracy Murray,63,185,SF,813,45,WAS,84,271
25,142,,19,179,.506,305,209,.456,458,96,.400,240,.437,698,101,.795,127,62,61,1896,Kerry Kittles,46,120,SG,807,79,NJN,56,225
30,195,,10,174,.494,316,231,.491,470,85,.333,255,.436,725,87,.798,109,82,22,2073,Anthony Peeler,58,171,SG,804,62,MIN,85,232
32,246,,26,213,.501,266,159,.448,355,107,.378,283,.417,638,148,.818,181,78,11,2118,George McCloud,72,180,SF,787,48,DEN,134,285
26,82,,19,168,.500,311,311,.500,622,0,,0,.500,622,163,.769,212,76,76,1707,Corliss Williamson,122,192,SF,785,38,SAC,110,290
24,38,,140,462,.437,330,330,.437,756,0,,0,.437,756,123,.651,189,80,77,2493,Michael Olowokandi,194,304,C,783,35,LAC,177,656
25,306,,3,106,.462,314,257,.445,578,57,.350,163,.424,741,97,.729,133,82,0,1626,Chucky Atkins,20,137,PG,782,52,ORL,142,126
32,123,,16,256,.476,306,174,.452,385,132,.332,397,.391,782,37,.487,76,72,72,2094,Nick Anderson,83,118,SG,781,94,SAC,95,339
35,118,,78,416,.511,302,295,.509,579,7,.368,19,.505,598,167,.843,198,66,61,1688,Arvydas Sabonis,97,184,C,778,43,POR,97,513
24,88,,85,298,.465,289,288,.463,622,1,1.000,1,.464,623,195,.756,258,78,9,1975,Joe Smith,186,302,C,774,45,MIN,119,484
30,145,,61,384,.480,322,322,.481,670,0,.000,1,.480,671,120,.755,159,80,80,2302,P.J. Brown,216,264,PF,764,65,MIA,100,600
30,175,,7,293,.477,282,224,.469,478,58,.333,174,.433,652,128,.766,167,70,68,2281,Larry Johnson,87,205,PF,750,42,NYK,94,380
30,64,AS,94,473,.502,302,302,.502,602,0,,0,.502,602,139,.685,203,74,72,2127,Dale Davis,256,203,C,743,52,IND,91,729
30,124,,31,284,.481,310,309,.485,637,1,.125,8,.481,645,117,.775,151,54,54,1767,Tom Gugliotta,141,152,PF,738,80,PHO,106,425
27,272,,5,126,.514,271,236,.504,468,35,.376,93,.483,561,156,.821,190,82,0,1691,Travis Best,16,204,PG,733,76,IND,107,142
28,146,,19,223,.509,280,174,.431,404,106,.424,250,.428,654,61,.792,77,79,38,2056,Wesley Person,44,119,SG,727,40,CLE,60,267
24,77,,29,317,.499,307,307,.500,614,0,.000,1,.499,615,109,.681,160,79,72,1797,Vitaly Potapenko,182,239,C,723,41,BOS,145,499
29,136,,38,366,.473,297,282,.464,608,15,.417,36,.461,644,113,.617,183,75,75,2416,George Lynch,216,231,SF,722,119,PHI,120,582
27,347,,9,147,.462,282,222,.434,512,60,.368,163,.418,675,84,.824,102,82,5,2096,Howard Eisley,23,223,PG,708,59,UTA,132,170
23,247,,13,127,.442,265,216,.429,504,49,.325,151,.405,655,127,.751,169,75,11,1793,Vonteego Cummings,57,174,PG,706,91,GSW,132,184
25,98,,28,190,.426,274,271,.435,623,3,.130,23,.424,646,146,.756,193,61,56,1578,Tariq Abdul-Wahad,101,147,SG,697,59,2TM,106,291
33,385,,4,125,.459,246,152,.398,382,94,.367,256,.386,638,110,.827,133,52,52,1672,Tim Hardaway,25,112,PG,696,49,MIA,119,150
24,71,,114,343,.543,286,285,.548,520,1,.125,8,.542,528,121,.688,176,81,20,1850,Keon Clark,162,231,C,694,45,DEN,125,505
26,68,6MOY-5,21,512,.564,257,257,.567,453,0,.000,3,.564,456,175,.616,284,82,1,2102,Jerome Williams,277,196,PF,689,95,DET,105,789
26,36,,171,295,.503,247,247,.503,491,0,,0,.503,491,182,.771,236,57,56,1795,Theo Ratliff,140,185,PF,676,32,PHI,108,435
23,58,,19,166,.509,258,179,.461,388,79,.401,197,.441,585,80,.721,111,82,1,1479,Pat Garrity,44,197,SF,675,31,ORL,85,210
20,70,,36,209,.521,275,235,.527,446,40,.333,120,.486,566,84,.683,123,82,8,1575,Rashard Lewis,127,163,SF,674,62,SEA,78,336
23,146,,33,232,.506,230,148,.468,316,82,.373,220,.429,536,120,.800,150,81,77,2052,James Posey,85,207,SF,662,98,DEN,95,317
34,650,,10,233,.510,246,157,.450,349,89,.403,221,.432,570,79,.806,98,81,81,2190,Mark Jackson,63,111,PG,660,76,IND,174,296
22,346,,10,142,.453,249,203,.458,443,46,.293,157,.415,600,113,.807,140,81,27,1888,Jason Terry,24,133,PG,657,90,ATL,156,166
29,81,,13,148,.497,238,145,.439,330,93,.383,243,.415,573,85,.850,100,75,23,1712,Eric Piatkowski,74,140,SF,654,44,LAC,57,222
27,240,,18,199,.449,244,200,.424,472,44,.364,121,.411,593,121,.829,146,82,14,1952,Aaron McKie,47,194,SG,653,108,PHI,113,246
26,624,,8,219,.440,257,246,.446,552,11,.244,45,.430,597,126,.712,177,82,80,2866,Eric Snow,42,243,PG,651,140,PHI,162,261
28,106,,17,154,.491,263,261,.490,533,2,.400,5,.489,538,123,.741,166,75,23,1501,Monty Williams,96,187,SF,651,46,ORL,109,250
27,60,,190,337,.480,266,265,.482,550,1,.200,5,.479,555,114,.765,149,77,54,1901,Shawn Bradley,160,260,C,647,71,DAL,74,497
20,61,,26,180,.480,224,222,.485,458,2,.182,11,.478,469,196,.751,261,77,5,1370,Corey Maggette,123,169,SF,646,24,ORL,138,303
31,290,,11,142,.461,276,268,.472,568,8,.205,39,.455,607,85,.817,104,80,54,1924,Bimbo Coles,30,178,PG,645,58,ATL,103,172
28,313,,5,114,.509,217,121,.455,266,96,.376,255,.417,521,112,.848,132,82,15,1627,Chris Whitney,20,166,PG,642,55,WAS,107,134
36,221,,9,167,.544,207,117,.457,256,90,.435,207,.447,463,137,.806,170,68,8,1613,Terry Porter,24,79,PG,641,50,SAS,100,191
27,82,,42,361,.506,270,269,.506,532,1,.333,3,.505,535,100,.781,128,80,21,1971,Kurt Thomas,144,278,PF,641,51,NYK,105,505
21,108,,6,91,.443,254,226,.428,528,28,.364,77,.420,605,103,.774,133,71,12,1373,Richard Hamilton,38,142,SG,639,28,WAS,84,129
30,39,,22,233,.441,260,260,.444,585,0,.000,4,.441,589,109,.779,140,65,20,1406,Matt Geiger,154,194,C,629,29,PHI,91,387
26,136,,15,116,.487,228,139,.419,332,89,.390,228,.407,560,84,.792,106,53,13,1434,Voshon Lenard,37,127,SG,629,41,MIA,80,153
28,58,,92,250,.522,235,235,.526,447,0,.000,3,.522,450,146,.726,201,81,0,1545,Aaron Williams,159,234,PF,616,41,WAS,80,409
34,188,,60,424,.444,266,266,.447,595,0,.000,4,.444,599,80,.721,111,76,76,2688,Horace Grant,167,192,PF,612,55,SEA,61,591
26,82,,38,264,.448,252,252,.452,558,0,.000,4,.448,562,107,.648,165,69,67,1773,Bryant Reeves,126,245,C,611,33,VAN,119,390
37,49,,48,281,.416,236,235,.415,566,1,.333,3,.415,569,131,.799,164,79,1,1679,Kevin Willis,201,256,PF,604,36,TOR,98,482
24,458,,21,155,.414,230,228,.416,548,2,.200,10,.412,558,140,.761,184,65,46,1754,Brevin Knight,38,185,PG,602,107,CLE,157,193
25,49,6MOY-6,116,287,.481,226,225,.480,469,1,.500,2,.480,471,148,.670,221,59,11,1548,Marcus Camby,174,204,C,601,43,NYK,72,461
22,113,,22,290,.429,212,180,.440,409,32,.262,122,.399,531,138,.660,209,72,29,1797,Kenny Thomas,147,167,PF,594,54,HOU,112,437
36,193,,9,201,.508,195,121,.446,271,74,.398,186,.427,457,126,.846,149,79,79,2217,Mario Elie,48,156,SF,590,73,SAS,130,249
29,141,,3,117,.556,217,135,.455,297,82,.491,167,.468,464,67,.870,77,79,15,1817,Hubert Davis,17,109,PG,583,24,DAL,70,134
23,97,,12,104,.513,236,216,.506,427,20,.377,53,.492,480,88,.682,129,66,0,1162,Bonzi Wells,78,153,SF,580,69,POR,97,182
37,197,,17,253,.456,187,166,.436,381,21,.404,52,.432,433,179,.833,215,77,6,1662,Detlef Schrempf,79,182,SF,574,37,POR,100,332
23,15,,83,351,.507,228,228,.507,450,0,,0,.507,450,113,.536,211,80,59,1537,Jahidi White,202,234,C,569,31,WAS,94,553
25,26,,124,287,.537,216,216,.543,398,0,.000,4,.537,402,135,.649,208,65,32,1581,Kelvin Cato,102,175,C,567,33,HOU,71,389
22,63,,34,245,.453,242,241,.452,533,1,.500,2,.452,535,80,.842,95,81,29,1335,Michael Doleac,89,224,C,565,29,ORL,65,334
29,93,,49,321,.513,215,215,.513,419,0,,0,.513,419,135,.738,183,78,2,1615,Clarence Weatherspoon,128,165,PF,565,51,MIA,100,449
36,270,,39,241,.430,212,179,.421,425,33,.311,106,.399,531,100,.680,147,80,78,2042,Ron Harper,96,164,PG,557,85,LAL,132,337
32,85,,24,340,.536,214,119,.484,246,95,.393,242,.439,488,25,.735,34,82,78,1842,Terry Mills,50,242,PF,548,38,DET,46,390
36,253,,45,423,.430,234,220,.424,519,14,.341,41,.418,560,66,.776,85,80,80,2431,Charles Oakley,117,294,PF,548,102,TOR,154,540
23,242,,0,120,.433,204,144,.414,348,60,.311,193,.377,541,77,.811,95,62,38,1592,Troy Hudson,28,65,PG,545,43,LAC,108,148
26,58,,66,283,.508,225,225,.508,443,0,,0,.508,443,94,.588,160,82,31,1831,Andrew DeClercq,156,275,C,544,63,CLE,108,439
23,63,,70,258,.478,219,218,.483,451,1,.125,8,.477,459,102,.675,151,82,4,1505,Tony Battie,152,249,C,541,47,BOS,67,410
38,68,,33,225,.518,184,95,.426,223,89,.408,218,.417,441,80,.825,97,81,0,1620,Sam Perkins,64,136,PF,537,31,IND,63,289
30,138,,26,135,.473,206,147,.464,317,59,.326,181,.414,498,63,.808,78,82,1,1473,Rick Fox,63,203,SF,534,52,LAL,87,198
25,84,,15,132,.427,196,164,.415,395,32,.317,101,.395,496,107,.856,125,57,2,1166,Chris Carr,41,113,SF,531,30,2TM,117,173
29,300,,16,206,.537,189,87,.475,183,102,.386,264,.423,447,48,.828,58,72,69,1986,Charlie Ward,22,176,PG,528,95,NYK,102,228
21,69,,53,227,.476,222,218,.486,449,4,.182,22,.471,471,72,.847,85,51,38,1260,Shawn Marion,105,113,SF,520,38,PHO,51,332
31,28,,66,271,.500,213,213,.500,426,0,,0,.500,426,94,.729,129,68,46,1488,Scott Williams,177,230,C,520,40,MIL,65,448
32,133,,4,86,.518,196,137,.471,291,59,.410,144,.451,435,66,.868,76,72,0,1139,Dana Barros,13,80,PG,517,31,BOS,66,99
32,208,,9,116,.512,169,81,.443,183,88,.378,233,.406,416,88,.772,114,82,3,1548,Greg Anthony,17,143,PG,514,59,POR,85,133
29,100,,6,134,.469,198,160,.460,348,38,.330,115,.428,463,79,.798,99,77,11,1510,Lucious Harris,53,98,SG,513,65,NJN,42,187
32,118,,7,147,.492,186,78,.429,182,108,.353,306,.381,488,33,.647,51,81,12,1691,Jaren Jackson,34,157,SG,513,54,SAS,66,181
34,75,,9,64,.413,169,102,.382,267,67,.300,223,.345,490,108,.730,148,47,0,989,Vernon Maxwell,15,83,SG,513,38,SEA,53,79
35,89,,9,89,.532,194,99,.467,212,95,.393,242,.427,454,24,.750,32,67,9,1095,Dell Curry,11,66,SG,507,32,TOR,40,100
31,87,,5,83,.482,182,181,.484,374,1,.200,5,.480,379,141,.839,168,82,3,1611,Michael Curry,21,209,SG,506,33,DET,73,104
34,206,,17,306,.533,170,60,.508,118,110,.362,304,.403,422,56,.812,69,69,69,2308,Dan Majerle,27,156,SG,506,89,MIA,62,333
24,378,,5,151,.398,201,198,.407,486,3,.130,23,.395,509,93,.750,124,79,30,1859,Anthony Carter,48,167,PG,498,93,MIA,173,199
25,47,,52,202,.458,176,175,.458,382,1,.333,3,.457,385,143,.722,198,74,3,1341,Malik Rose,133,232,PF,496,35,SAS,99,335
30,150,,7,121,.561,161,95,.495,192,66,.429,154,.465,346,107,.922,116,62,1,1281,Jon Barry,38,104,SG,495,75,SAC,85,159
25,216,,3,121,.400,167,115,.363,317,52,.313,166,.346,483,105,.724,145,78,22,1803,Derek Fisher,22,150,PG,491,80,LAL,75,143
28,245,DPOY-8,148,323,.602,204,204,.607,336,0,.000,3,.602,339,82,.506,162,82,55,2326,Bo Outlaw,202,203,PF,490,113,ORL,133,525
27,93,,16,101,.460,165,140,.446,314,25,.347,72,.427,386,134,.793,169,68,17,1378,Eric Williams,55,165,SF,489,44,BOS,66,156
29,59,,25,192,.454,209,206,.465,443,3,.143,21,.450,464,66,.695,95,58,8,1309,LaPhonso Ellis,98,133,PF,487,32,ATL,52,290
20,309,,19,117,.449,182,157,.488,322,25,.225,111,.420,433,97,.634,153,82,0,1523,Baron Davis,48,201,PG,486,97,CHH,140,165
25,177,,15,244,.443,175,159,.447,356,16,.281,57,.424,413,119,.753,158,72,47,1927,Adrian Griffin,128,222,SG,485,116,BOS,93,372
29,33,,20,136,.523,184,184,.526,350,0,.000,2,.523,352,115,.706,163,75,1,1026,Lawrence Funderburke,98,91,PF,483,32,SAC,40,234
25,272,,3,87,.559,173,113,.528,214,60,.403,149,.477,363,75,.882,85,56,27,1532,Steve Nash,34,122,PG,481,37,DAL,102,121
33,134,,15,144,.497,159,104,.444,234,55,.390,141,.424,375,107,.899,119,61,49,1622,Hersey Hawkins,31,146,SG,480,74,CHI,100,175
23,93,,85,244,.476,206,206,.478,431,0,.000,2,.476,433,59,.573,103,82,55,1723,Rasho NesteroviÄ,135,262,C,471,21,MIN,71,379
23,32,,25,130,.549,212,212,.555,382,0,.000,4,.549,386,47,.734,64,67,8,1112,Eddie Robinson,54,67,SF,471,48,CHH,39,184
30,74,,16,177,.420,127,119,.444,268,8,.182,44,.407,312,203,.766,265,74,9,1199,Tony Farmer,118,167,PF,465,66,GSW,82,295
33,67,,24,183,.541,189,156,.511,305,33,.440,75,.497,380,52,.912,57,63,3,1326,Danny Ferry,55,181,PF,463,22,CLE,55,238
25,68,,38,491,.431,181,178,.424,420,3,1.000,3,.428,423,94,.707,133,81,17,2241,Jamie Feick,264,206,C,459,43,NJN,59,755
27,64,,28,223,.493,173,172,.491,350,1,.500,2,.491,352,112,.675,166,63,14,1322,Brian Grant,121,166,PF,459,32,POR,84,344
37,61,,70,209,.458,193,193,.461,419,0,.000,2,.458,421,69,.616,112,44,28,1049,Hakeem Olajuwon,65,88,C,455,41,HOU,73,274
31,77,,42,223,.466,186,186,.466,399,0,,0,.466,399,80,.825,97,72,68,1417,Luc Longley,100,221,C,452,22,PHO,136,323
29,72,,44,191,.492,165,83,.444,187,82,.353,232,.394,419,39,.780,50,74,9,1336,Scott Burrell,65,173,SF,451,67,NJN,38,256
24,21,,40,188,.500,180,179,.500,358,1,.333,3,.499,361,87,.644,135,75,0,1205,Lorenzen Wright,117,203,C,448,29,ATL,66,305
25,65,,25,190,.444,161,160,.447,358,1,.167,6,.442,364,116,.789,147,73,11,1007,Chris Anstey,90,180,C,439,29,CHI,80,280
29,118,,80,228,.478,159,130,.483,269,29,.309,94,.438,363,89,.788,113,76,0,1685,Robert Horry,133,189,PF,436,84,LAL,73,361
35,37,,84,287,.511,203,202,.510,396,1,.500,2,.510,398,28,.311,90,82,79,1819,Olden Polynice,166,260,C,435,30,UTA,70,453
36,111,,14,110,.460,168,158,.448,353,10,.435,23,.447,376,81,.880,92,66,24,1227,Sam Mitchell,28,116,SF,427,27,MIN,44,138
34,61,,31,226,.503,174,174,.503,346,0,,0,.503,346,76,.809,94,75,50,1712,Mark Bryant,126,250,PF,424,31,CLE,87,352
23,45,,35,180,.461,135,135,.464,291,0,.000,2,.461,293,153,.785,195,55,4,961,Brad Miller,113,111,C,423,23,CHH,48,293
28,42,,34,177,.526,170,169,.545,310,1,.071,14,.525,324,81,.591,137,53,15,1101,Carlos Rogers,98,77,C,422,14,HOU,63,275
24,177,,5,70,.506,163,141,.507,278,22,.333,66,.474,344,72,.713,101,68,1,1195,Antonio Daniels,16,73,SG,420,55,SAS,58,86
25,162,,1,80,.454,158,99,.396,250,59,.362,163,.383,413,45,.849,53,72,5,1293,Bryce Drew,23,79,PG,420,41,HOU,66,103
24,42,,136,250,.508,193,193,.508,380,0,,0,.508,380,34,.378,90,76,59,1654,Adonal Foyle,174,218,C,420,26,GSW,71,424
23,29,,5,225,.528,140,140,.528,265,0,,0,.528,265,139,.735,189,55,5,856,Danny Fortson,141,180,PF,419,20,BOS,67,366
36,80,,18,326,.448,173,172,.449,383,1,.250,4,.447,387,66,.695,95,82,82,1929,A.C. Green,160,127,PF,413,53,LAL,53,486
24,43,,59,236,.527,149,149,.527,283,0,,0,.527,283,114,.717,159,76,5,1336,Scot Pollard,168,213,C,412,55,SAC,50,404
35,299,,4,110,.462,157,140,.456,307,17,.333,51,.439,358,79,.908,87,80,5,1731,Muggsy Bogues,25,119,PG,410,65,TOR,59,135
28,122,,2,37,.434,133,95,.420,226,38,.306,124,.380,350,98,.824,119,71,1,893,Darrick Martin,7,89,PG,402,28,SAC,62,44
30,74,,38,218,.430,151,150,.431,348,1,.250,4,.429,352,94,.686,137,59,23,1173,Isaac Austin,64,128,C,397,17,WAS,107,282
30,65,,22,98,.491,130,66,.400,165,64,.388,165,.394,330,72,.667,108,58,1,941,Todd Day,31,127,SG,396,44,PHO,50,129
25,22,,14,93,.467,155,155,.471,329,0,.000,3,.467,332,82,.804,102,60,0,798,John Wallace,42,103,SF,392,10,NYK,63,135
25,67,,130,454,.503,168,168,.503,334,0,,0,.503,334,54,.474,114,81,81,1959,Ben Wallace,211,162,PF,390,72,ORL,67,665
32,44,,127,415,.516,144,144,.518,278,0,.000,1,.516,279,95,.605,157,80,74,2129,Ervin Johnson,233,298,C,383,81,MIL,80,648
32,63,,13,125,.525,139,60,.368,163,79,.446,177,.409,340,25,.833,30,56,27,1024,Matt Bullard,13,85,PF,382,19,HOU,36,138
24,170,,13,105,.441,155,136,.428,318,19,.345,55,.416,373,52,.839,62,79,15,1081,Randy Livingston,25,129,PG,381,49,PHO,92,130
31,202,,15,121,.364,157,154,.359,429,3,.500,6,.361,435,62,.738,84,59,55,1625,Randy Brown,23,120,PG,379,61,CHI,105,144
32,285,,4,130,.461,146,109,.431,253,37,.356,104,.409,357,47,.797,59,71,2,1675,Chris Childs,17,240,PG,376,36,NYK,105,147
30,97,,21,202,.434,150,139,.429,324,11,.324,34,.419,358,63,.594,106,62,11,1305,Billy Owens,99,166,SF,374,33,2TM,85,301
21,54,,22,67,.459,145,114,.437,261,31,.348,89,.414,350,49,.598,82,48,10,862,Corey Benjamin,21,122,SG,370,31,CHI,74,88
26,172,,7,103,.423,140,127,.423,300,13,.283,46,.405,346,76,.776,98,73,10,1034,Bobby Jackson,50,114,PG,369,48,MIN,58,153
31,69,,9,90,.482,125,54,.375,144,71,.376,189,.375,333,48,.842,57,66,0,1263,Dennis Scott,16,104,SF,369,28,VAN,30,106
26,18,,172,310,.464,124,124,.466,266,0,.000,1,.464,267,119,.636,187,81,3,1606,Greg Ostertag,172,196,C,367,20,UTA,79,482
23,38,,35,195,.449,137,137,.449,305,0,,0,.449,305,86,.683,126,71,7,980,Samaki Walker,77,108,PF,360,10,SAS,64,272
33,160,,0,98,.483,153,145,.482,301,8,.333,24,.471,325,35,.897,39,67,0,1211,Vinny Del Negro,9,81,PG,349,36,MIL,48,107
32,62,,1,70,.452,124,83,.421,197,41,.333,123,.388,320,59,.756,78,53,19,957,Rex Chapman,10,70,SG,348,22,PHO,38,80
31,66,,18,132,.454,148,146,.459,318,2,.200,10,.451,328,36,.692,52,63,29,1096,Chucky Brown,35,114,PF,334,20,2TM,45,167
35,42,,16,137,.436,133,133,.438,304,0,.000,1,.436,305,67,.779,86,50,0,782,Armen Gilliam,72,83,PF,333,12,UTA,55,209
33,73,,29,158,.441,149,148,.442,335,1,.250,4,.440,339,34,.654,52,72,0,1217,Danny Manning,50,183,PF,333,62,MIL,55,208
19,38,,9,112,.473,121,113,.491,230,8,.235,34,.458,264,78,.703,111,50,0,854,Al Harrington,47,130,PF,328,25,IND,65,159
24,55,,17,106,.397,129,128,.412,311,1,.067,15,.396,326,69,.663,104,61,7,1107,Cedric Henderson,34,99,SF,328,39,CLE,68,140
27,49,,15,166,.502,139,139,.502,277,0,,0,.502,277,49,.742,66,62,28,1060,Gerard King,84,132,SF,327,34,WAS,41,250
28,138,,3,54,.456,114,52,.361,144,62,.356,174,.358,318,37,.822,45,51,12,1175,Matt Maloney,10,42,PG,327,32,CHI,63,64
30,128,,5,58,.488,106,73,.427,171,33,.413,80,.422,251,80,.860,93,69,0,937,John Crotty,17,104,PG,325,27,DET,54,75
29,68,,80,174,.588,137,137,.588,233,0,,0,.588,233,49,.671,73,51,9,1088,Oliver Miller,87,132,C,323,42,PHO,74,261
37,69,,47,167,.412,146,146,.423,345,0,.000,9,.412,354,29,.707,41,72,18,1310,Jerome Kersey,58,161,SF,321,67,SAS,51,225
24,52,,5,97,.398,131,129,.404,319,2,.154,13,.395,332,54,.771,70,44,20,860,Roshown McLeod,41,84,SF,318,16,ATL,59,138
30,139,,1,48,.454,128,117,.459,255,11,.282,39,.435,294,50,.806,62,60,5,803,Elliot Perry,13,47,PG,317,39,NJN,60,61
30,68,,52,166,.431,122,122,.431,283,0,,0,.431,283,65,.730,89,71,13,1001,Sean Rooks,82,169,C,309,29,DAL,70,248
33,201,,14,171,.410,123,105,.398,264,18,.310,58,.382,322,41,.759,54,74,2,1249,Brian Shaw,45,105,SG,305,35,LAL,75,216
26,55,,5,52,.446,120,111,.464,239,9,.225,40,.430,279,47,.797,59,46,1,682,Tony Delk,36,58,PG,296,35,SAC,32,88
25,44,,17,65,.431,111,108,.444,243,3,.167,18,.425,261,67,.615,109,65,0,781,Felipe LÃ³pez,59,94,SG,292,32,VAN,53,124
25,126,,11,58,.425,114,98,.422,232,16,.291,55,.397,287,48,.738,65,55,28,779,Alvin Williams,27,78,PG,292,34,TOR,47,85
27,56,,23,210,.563,108,108,.565,191,0,.000,1,.563,192,73,.723,101,46,46,1145,Michael Smith,121,127,SF,289,27,WAS,45,331
24,121,,0,54,.443,109,95,.417,228,14,.412,34,.416,262,57,.750,76,78,0,884,Jacque Vaughn,11,92,PG,289,32,UTA,77,65
27,100,,22,248,.405,111,111,.407,273,0,.000,1,.405,274,65,.542,120,69,48,1651,Dickey Simpkins,124,217,PF,287,22,CHI,128,372
29,22,,18,96,.545,122,122,.545,224,0,,0,.545,224,40,.714,56,58,5,663,Mark Strickland,44,68,SF,284,15,MIA,24,140
22,40,,15,67,.411,111,88,.374,235,23,.365,63,.372,298,38,.731,52,74,0,896,Quincy Lewis,46,158,SG,283,24,UTA,46,113
37,33,,9,110,.514,125,125,.521,240,0,.000,3,.514,243,29,.604,48,51,1,777,Otis Thorpe,56,136,PF,279,26,MIA,59,166
23,55,,20,118,.498,111,101,.488,207,10,.385,26,.476,233,43,.683,63,48,1,923,Greg Buckner,56,148,SG,275,38,DAL,36,174
21,18,,55,132,.486,108,108,.489,221,0,.000,1,.486,222,57,.582,98,70,8,859,Jermaine O'Neal,97,127,C,273,11,POR,47,229
28,80,,14,115,.473,120,102,.466,219,18,.333,54,.440,273,9,.429,21,67,19,1309,Calbert Cheaney,23,158,SG,267,44,BOS,46,138
24,32,,3,46,.531,108,99,.527,188,9,.375,24,.509,212,30,.732,41,52,5,681,Sam Jacobson,25,113,PG,255,30,2TM,33,71
29,61,,12,61,.500,86,69,.519,133,17,.304,56,.455,189,64,.831,77,45,6,691,Bryant Stith,23,56,SG,253,18,DEN,33,84
24,33,,16,48,.413,91,84,.416,202,7,.259,27,.397,229,63,.778,81,55,11,668,Chris Crawford,51,83,PF,252,17,ATL,37,99
22,24,,46,125,.576,102,102,.576,177,0,,0,.576,177,45,.495,91,58,2,746,Jelani McCoy,54,127,C,249,15,SEA,45,179
36,37,,9,62,.548,80,35,.455,77,45,.409,110,.428,187,37,.902,41,47,2,582,Chris Mullin,14,60,SG,242,28,IND,28,76
23,25,,73,114,.487,96,96,.495,194,0,.000,3,.487,197,46,.590,78,57,6,820,Keith Closs,65,80,C,238,13,LAC,34,179
23,96,,1,43,.483,80,39,.415,94,41,.360,114,.385,208,32,.667,48,55,1,612,Damon Jones,12,34,PG,233,18,2TM,40,55
25,70,,23,77,.413,78,44,.367,120,34,.309,110,.339,230,39,.722,54,61,5,879,Walter McCarty,33,83,PF,229,24,BOS,67,110
20,62,,8,54,.503,94,94,.514,183,0,.000,4,.503,187,39,.765,51,48,4,570,Ricky Davis,29,39,SG,227,30,CHH,46,83
24,78,,0,40,.427,84,60,.417,144,24,.296,81,.373,225,33,.647,51,43,5,517,Shammond Williams,12,39,PG,225,18,SEA,40,52
37,60,,5,125,.377,88,78,.384,203,10,.227,44,.356,247,33,.846,39,54,5,941,Tyrone Corbin,40,99,SF,219,36,SAC,29,165
31,70,,5,85,.434,80,49,.419,117,31,.301,103,.364,220,26,.684,38,54,2,701,Emanual Davis,15,72,PG,217,38,SEA,44,100
24,13,,37,98,.553,89,89,.553,161,0,,0,.553,161,28,.519,54,56,6,528,Todd MacCulloch,48,94,C,206,11,PHI,26,146
31,53,,11,74,.474,83,83,.480,173,0,.000,2,.474,175,37,.673,55,59,0,692,Stacey Augmon,42,69,SG,203,27,POR,38,116
31,41,,18,91,.413,91,88,.421,209,3,.200,15,.406,224,18,.643,28,60,5,718,Greg Foster,16,105,PF,203,10,SEA,28,107
33,43,,10,148,.443,74,74,.454,163,0,.000,4,.443,167,55,.775,71,42,1,920,Grant Long,86,108,PF,203,45,VAN,49,234
28,34,,15,69,.441,72,45,.331,136,27,.466,58,.371,194,25,.581,43,69,2,878,Bruce Bowen,27,118,SF,196,23,2TM,19,96
24,94,,5,45,.425,66,27,.325,83,39,.331,118,.328,201,17,.739,23,56,0,662,Charles Jones,17,46,PG,188,30,LAC,28,62
39,14,,0,43,.531,66,29,.492,59,37,.370,100,.415,159,9,.692,13,42,5,564,Dale Ellis,13,45,SG,178,13,2TM,20,56
27,35,,45,128,.497,72,72,.500,144,0,.000,1,.497,145,24,.649,37,56,14,808,Cherokee Parks,55,115,C,168,29,VAN,28,183
34,65,,42,174,.351,59,59,.351,168,0,,0,.351,168,50,.476,105,67,15,1012,Will Perdue,88,126,C,168,14,CHI,78,262
24,30,,4,46,.421,58,56,.431,130,2,.200,10,.414,140,45,.692,65,46,2,449,Toby Bailey,26,55,SG,163,13,PHO,24,72
23,44,,26,133,.420,58,58,.420,138,0,,0,.420,138,43,.489,88,71,6,975,Michael Ruffin,117,170,PF,159,26,CHI,59,250
27,36,,117,124,.416,64,64,.416,154,0,,0,.416,154,29,.518,56,66,53,1048,Jim McIlvaine,106,205,C,157,26,NJN,38,230
22,20,,25,65,.475,58,58,.492,118,0,.000,4,.475,122,41,.603,68,44,16,447,Robert Traylor,50,79,PF,157,25,MIL,27,115
22,12,,4,46,.444,56,40,.412,97,16,.340,47,.389,144,27,.659,41,49,1,345,Devean George,29,54,SF,155,10,LAL,21,75
20,88,,2,32,.359,56,38,.322,118,18,.286,63,.309,181,24,.667,36,59,1,484,William Avery,8,60,PG,154,14,MIN,42,40
25,72,,4,30,.384,62,60,.392,153,2,.182,11,.378,164,28,.718,39,56,6,637,Anthony Johnson,21,58,PG,154,33,2TM,32,51
30,53,,0,19,.429,61,51,.405,126,10,.357,28,.396,154,20,.952,21,48,0,432,Doug Overton,14,46,PG,152,10,BOS,20,33
24,111,,2,40,.460,45,21,.368,57,24,.358,67,.363,124,27,.675,40,45,1,597,Chris Herren,12,74,PG,141,15,DEN,42,52
31,69,,1,29,.450,41,16,.314,51,25,.368,68,.345,119,34,.872,39,41,0,424,Brent Price,8,63,PG,141,17,VAN,47,37
29,34,,13,91,.408,53,53,.411,129,0,.000,1,.408,130,29,.806,36,62,3,604,Adam Keefe,45,90,C,135,17,UTA,46,136
25,5,,8,74,.418,51,51,.418,122,0,,0,.418,122,32,.604,53,41,2,399,Todd Fuller,36,46,C,134,9,CHH,27,110
24,20,,13,39,.397,46,45,.417,108,1,.111,9,.393,117,38,.717,53,52,0,589,Ryan Bowen,75,95,SF,131,39,DEN,14,114
31,33,,16,61,.410,55,37,.507,73,18,.217,83,.353,156,2,.286,7,58,5,657,Jud Buechler,30,50,SF,130,25,DET,13,91
22,14,,9,63,.426,49,49,.430,114,0,.000,1,.426,115,24,.632,38,46,0,423,Cal Bowdler,22,46,SF,122,14,ATL,21,85
23,25,,8,64,.361,44,31,.323,96,13,.295,44,.314,140,19,.704,27,47,9,432,Scott Padgett,24,55,PF,120,14,UTA,22,88
31,27,,10,85,.441,53,47,.465,101,6,.231,26,.417,127,8,1.000,8,56,2,601,Pete Chilcutt,46,73,PF,120,15,3TM,20,131
32,10,,3,67,.433,42,42,.433,97,0,,0,.433,97,33,.589,56,56,0,372,Tom Hammonds,34,55,PF,117,8,MIN,21,101
33,19,,40,99,.444,48,48,.444,108,0,,0,.444,108,18,.692,26,56,23,604,Dean Garrett,41,94,C,114,8,MIN,21,140
24,9,,14,38,.458,49,49,.462,106,0,.000,1,.458,107,16,.390,41,55,6,477,John Thomas,37,106,C,114,12,TOR,14,75
25,23,,23,83,.390,46,46,.390,118,0,,0,.390,118,17,.607,28,63,0,410,Travis Knight,46,88,C,109,6,LAL,26,129
21,48,,0,34,.439,43,43,.448,96,0,.000,2,.439,98,22,.595,37,53,0,394,Milt Palacio,17,32,PG,108,20,VAN,44,51
30,11,,15,51,.302,29,29,.302,96,0,,0,.302,96,23,.719,32,49,3,377,Anthony Avent,23,62,PF,81,16,LAC,24,74
31,11,,4,65,.360,32,32,.372,86,0,.000,3,.360,89,11,.688,16,43,0,292,Loy Vaught,26,45,PF,75,6,DET,11,91
35,26,,14,45,.362,25,25,.362,69,0,,0,.362,69,21,.750,28,45,3,303,John Salley,20,67,C,71,8,LAL,18,65
24,6,,19,61,.377,20,20,.377,53,0,,0,.377,53,18,.563,32,42,1,389,Michael Stewart,33,81,C,58,5,TOR,17,94
34,5,,21,73,.343,23,23,.343,67,0,,0,.343,67,9,.333,27,47,3,459,Chris Dudley,63,95,C,55,7,NYK,18,136
28,7,,9,54,.309,17,17,.309,55,0,,0,.309,55,6,.500,12,51,0,332,Eric Montross,18,81,C,40,6,DET,22,72

